Month;Coal Production (Quadrillion Btu);Natural Gas (Dry) Production (Quadrillion Btu);Crude Oil Production (Quadrillion Btu);Natural Gas Plant Liquids Production (Quadrillion Btu);Total Fossil Fuels Production (Quadrillion Btu);Nuclear Electric Power Production (Quadrillion Btu);Hydroelectric Power Production (Quadrillion Btu);Geothermal Energy Production (Quadrillion Btu);Solar Energy Production  (Quadrillion Btu);Wind Energy Production  (Quadrillion Btu);Biomass Energy Production  (Quadrillion Btu);Total Renewable Energy Production  (Quadrillion Btu);Total Primary Energy Production  (Quadrillion Btu)
1973 janvier;1,166486;1,908249;1,649833;0,208064;4,932632;0,068103;0,089562;0,00049;Not Available;Not Available;0,129787;0,219839;5,220574
1973 février;1,086072;1,922543;1,525783;0,195184;4,729582;0,064634;0,079544;0,000448;Not Available;Not Available;0,117338;0,19733;4,991545
1973 mars;1,196571;1,86843;1,667094;0,214807;4,946902;0,072494;0,088284;0,000464;Not Available;Not Available;0,129938;0,218686;5,238082
1973 avril;1,11223;1,777561;1,616791;0,20969;4,716271;0,06407;0,083152;0,000542;Not Available;Not Available;0,125636;0,20933;4,989672
1973 mai;1,216978;1,859241;1,665377;0,215398;4,956995;0,062111;0,085643;0,000505;Not Available;Not Available;0,129834;0,215982;5,235087
1973 juin;1,103861;1,802065;1,603224;0,206945;4,716096;0,073968;0,08206;0,000579;Not Available;Not Available;0,125611;0,208249;4,998313
1973 juillet;1,034037;1,841884;1,65724;0,215115;4,748276;0,07589;0,0774;0,000614;Not Available;Not Available;0,129787;0,2078;5,031966
1973 août;1,319832;1,857199;1,648505;0,216461;5,041997;0,084883;0,072936;0,000579;Not Available;Not Available;0,129918;0,203432;5,330313
1973 septembre;1,142385;1,803086;1,577362;0,208671;4,731504;0,085724;0,059029;0,00049;Not Available;Not Available;0,125782;0,1853;5,002528
1973 octobre;1,285586;1,836779;1,658452;0,217504;4,998321;0,081971;0,062967;0,000578;Not Available;Not Available;0,12997;0,193514;5,273806
1973 novembre;1,178337;1,825548;1,594008;0,21261;4,810504;0,088773;0,069063;0,00062;Not Available;Not Available;0,125643;0,195326;5,094602
1973 décembre;1,149749;1,886808;1,629568;0,214072;4,880197;0,087557;0,090131;0,0008;Not Available;Not Available;0,129824;0,220755;5,188508
1974 janvier;1,251148;1,895424;1,60631;0,20816;4,961042;0,084855;0,0995;0,000704;Not Available;Not Available;0,130807;0,23101;5,276907
1974 février;1,16539;1,728512;1,484696;0,191245;4,569843;0,090577;0,091476;0,000621;Not Available;Not Available;0,118091;0,210188;4,870608
1974 mars;1,195337;1,860608;1,611977;0,213341;4,881263;0,097966;0,09495;0,000707;Not Available;Not Available;0,130727;0,226384;5,205612
1974 avril;1,268152;1,747968;1,55799;0,201046;4,775157;0,079566;0,095969;0,000666;Not Available;Not Available;0,126583;0,223218;5,07794
1974 mai;1,343967;1,813504;1,602122;0,207002;4,966595;0,073242;0,096337;0,000667;Not Available;Not Available;0,130789;0,227793;5,26763
1974 juin;1,120607;1,709056;1,527761;0,199631;4,557055;0,079015;0,091719;0,000645;Not Available;Not Available;0,126611;0,218976;4,855046
1974 juillet;1,149793;1,784832;1,578667;0,202951;4,716243;0,113953;0,090437;0,000716;Not Available;Not Available;0,130756;0,221909;5,052105
1974 août;1,209619;1,757184;1,564057;0,205275;4,736135;0,137654;0,082727;0,000707;Not Available;Not Available;0,130763;0,214197;5,087985
1974 septembre;1,227477;1,723392;1,46907;0,194217;4,614156;0,12288;0,07361;0,000653;Not Available;Not Available;0,126637;0,2009;4,937936
1974 octobre;1,41053;1,734656;1,548304;0,206563;4,900053;0,121248;0,068931;0,000663;Not Available;Not Available;0,130718;0,200312;5,221613
1974 novembre;0,791646;1,697792;1,490971;0,200829;4,181238;0,122819;0,072773;0,000789;Not Available;Not Available;0,126506;0,200068;4,504126
1974 décembre;0,940784;1,757184;1,533068;0,204559;4,435595;0,148309;0,079542;0,00083;Not Available;Not Available;0,130674;0,211046;4,79495
1975 janvier;1,275523;1,737742;1,520203;0,19817;4,731639;0,153503;0,086356;0,000694;Not Available;Not Available;0,127269;0,214319;5,099461
1975 février;1,198498;1,607054;1,395202;0,180795;4,381549;0,140232;0,082404;0,000662;Not Available;Not Available;0,114942;0,198008;4,719789
1975 mars;1,216907;1,697923;1,527123;0,201627;4,643579;0,163893;0,096386;0,000747;Not Available;Not Available;0,127251;0,224384;5,031856
1975 avril;1,237491;1,632579;1,471448;0,192447;4,533965;0,146773;0,091791;0,000748;Not Available;Not Available;0,123139;0,215679;4,896417
1975 mai;1,292673;1,649936;1,506504;0,195436;4,644549;0,15158;0,095581;0,000812;Not Available;Not Available;0,127303;0,223695;5,019824
1975 juin;1,298947;1,595823;1,465219;0,193757;4,553746;0,140348;0,09355;0,001007;Not Available;Not Available;0,123241;0,217798;4,911891
1975 juillet;1,062764;1,637684;1,498766;0,19717;4,396385;0,169294;0,0879;0,001013;Not Available;Not Available;0,127288;0,216202;4,78188
1975 août;1,197399;1,637684;1,48313;0,200634;4,518846;0,174883;0,077892;0,001099;Not Available;Not Available;0,127321;0,206312;4,900041
1975 septembre;1,295192;1,565193;1,440656;0,185566;4,486607;0,158543;0,070756;0,000969;Not Available;Not Available;0,12321;0,194934;4,840084
1975 octobre;1,39571;1,608075;1,496731;0,199767;4,700282;0,161078;0,07806;0,001117;Not Available;Not Available;0,127312;0,206489;5,067849
1975 novembre;1,248596;1,580508;1,440349;0,192415;4,461868;0,155988;0,084171;0,001085;Not Available;Not Available;0,12318;0,208436;4,826293
1975 décembre;1,269616;1,689755;1,483988;0,200159;4,643518;0,183682;0,08951;0,001124;Not Available;Not Available;0,127277;0,217911;5,045111
1976 janvier;1,213441;1,70952;1,480073;0,191487;4,59452;0,177844;0,089904;0,001119;Not Available;Not Available;0,145049;0,236073;5,008438
1976 février;1,239038;1,60752;1,384489;0,185392;4,416439;0,158824;0,084626;0,001053;Not Available;Not Available;0,135695;0,221374;4,796637
1976 mars;1,40428;1,67382;1,480148;0,195131;4,753379;0,15458;0,091629;0,001127;Not Available;Not Available;0,145051;0,237807;5,145766
1976 avril;1,363644;1,58508;1,405398;0,18893;4,543052;0,121316;0,083378;0,001015;Not Available;Not Available;0,140363;0,224756;4,889124
1976 mai;1,336766;1,63302;1,460788;0,191803;4,622377;0,131784;0,088065;0,00097;Not Available;Not Available;0,145047;0,234082;4,988243
1976 juin;1,377928;1,6014;1,408431;0,187703;4,575462;0,174072;0,088182;0,001008;Not Available;Not Available;0,140405;0,229595;4,979129
1976 juillet;1,024087;1,63608;1,461264;0,192278;4,313708;0,195628;0,089807;0,001089;Not Available;Not Available;0,145088;0,235984;4,745321
1976 août;1,239015;1,59732;1,458288;0,192831;4,487455;0,202851;0,082153;0,001072;Not Available;Not Available;0,14511;0,228336;4,918642
1976 septembre;1,39756;1,52796;1,418036;0,187333;4,530889;0,191006;0,070186;0,001044;Not Available;Not Available;0,140436;0,211665;4,93356
1976 octobre;1,357336;1,60038;1,44978;0,193373;4,600868;0,191723;0,07269;0,001014;Not Available;Not Available;0,145114;0,218818;5,01141
1976 novembre;1,354684;1,59732;1,40585;0,189464;4,547319;0,178235;0,068463;0,000854;Not Available;Not Available;0,140651;0,209968;4,935522
1976 décembre;1,345908;1,71156;1,449298;0,19199;4,698756;0,233256;0,0699;0,000975;Not Available;Not Available;0,145364;0,216239;5,148251
1977 janvier;1,018424;1,699965;1,412172;0,185924;4,316486;0,238556;0,07163;0,001057;Not Available;Not Available;0,15622;0,228907;4,783949
1977 février;1,122619;1,635642;1,321762;0,172248;4,252271;0,211078;0,052424;0,000923;Not Available;Not Available;0,141176;0,194523;4,657872
1977 mars;1,519874;1,711196;1,454512;0,202492;4,888075;0,222619;0,068518;0,001046;Not Available;Not Available;0,156217;0,225781;5,336475
1977 avril;1,380722;1,606033;1,417213;0,193225;4,597192;0,213943;0,064508;0,000933;Not Available;Not Available;0,151161;0,216602;5,027738
1977 mai;1,423046;1,652999;1,451839;0,194436;4,72232;0,221834;0,064629;0,001007;Not Available;Not Available;0,156186;0,221823;5,165976
1977 juin;1,436582;1,611138;1,409736;0,187709;4,645165;0,23172;0,059609;0,000991;Not Available;Not Available;0,151153;0,211752;5,088636
1977 juillet;1,131161;1,635642;1,457215;0,193105;4,417123;0,235032;0,05813;0,001048;Not Available;Not Available;0,15592;0,215097;4,867252
1977 août;1,315823;1,607054;1,493558;0,191119;4,607554;0,244991;0,05783;0,00096;Not Available;Not Available;0,156081;0,214871;5,067417
1977 septembre;1,581361;1,56213;1,475474;0,18412;4,803085;0,211395;0,056835;0,001028;Not Available;Not Available;0,15111;0,208974;5,223454
1977 octobre;1,542177;1,590718;1,541501;0,195904;4,8703;0,205053;0,05948;0,001075;Not Available;Not Available;0,156172;0,216727;5,29208
1977 novembre;1,570311;1,569277;1,492792;0,188986;4,821366;0,209548;0,070583;0,00108;Not Available;Not Available;0,151;0,222663;5,253577
1977 décembre;0,712642;1,686692;1,525963;0,196384;4,12168;0,255994;0,078744;0,001075;Not Available;Not Available;0,155935;0,235754;4,613428
1978 janvier;0,526477;1,700711;1,50307;0,185722;3,91598;0,282638;0,086454;0,001095;Not Available;Not Available;0,173128;0,260677;4,459295
1978 février;0,538357;1,609001;1,360355;0,168351;3,676065;0,238869;0,076606;0,00094;Not Available;Not Available;0,156387;0,233933;4,148867
1978 mars;0,889942;1,704787;1,567879;0,189763;4,352372;0,245611;0,084951;0,000777;Not Available;Not Available;0,173136;0,258863;4,856846
1978 avril;1,357373;1,627343;1,534251;0,186888;4,705855;0,192342;0,087281;0,000655;Not Available;Not Available;0,167349;0,255285;5,153482
1978 mai;1,566637;1,623267;1,586781;0,182581;4,959267;0,223373;0,099185;0,000583;Not Available;Not Available;0,172923;0,272691;5,455332
1978 juin;1,493086;1,583526;1,536849;0,182839;4,7963;0,242728;0,086645;0,000718;Not Available;Not Available;0,16734;0,254703;5,293731
1978 juillet;1,220436;1,651799;1,574364;0,185918;4,632517;0,273603;0,084339;0,000804;Not Available;Not Available;0,172912;0,258056;5,164175
1978 août;1,464208;1,617153;1,574712;0,185707;4,841779;0,280082;0,076518;0,000945;Not Available;Not Available;0,173189;0,250652;5,372513
1978 septembre;1,316859;1,537671;1,531258;0,178528;4,564316;0,242769;0,073042;0,000998;Not Available;Not Available;0,167455;0,241494;5,04858
1978 octobre;1,594759;1,594735;1,585836;0,183782;4,959112;0,251605;0,067184;0,000742;Not Available;Not Available;0,173169;0,241095;5,451812
1978 novembre;1,583079;1,567222;1,520951;0,184968;4,85622;0,272438;0,068818;0,000839;Not Available;Not Available;0,167557;0,237214;5,365872
1978 décembre;1,358596;1,668103;1,557346;0,186911;4,770957;0,278067;0,076162;0,001063;Not Available;Not Available;0,17306;0,250285;5,299309
1979 janvier;1,297706;1,737742;1,523753;0,183225;4,742426;0,302351;0,086378;0,001021;Not Available;Not Available;0,1826;0,27;5,314777
1979 février;1,230704;1,624411;1,384518;0,168812;4,408445;0,281883;0,073446;0,000836;Not Available;Not Available;0,165096;0,239377;4,929706
1979 mars;1,499366;1,721406;1,546483;0,185291;4,952546;0,264739;0,089483;0,001121;Not Available;Not Available;0,182881;0,273485;5,490769
1979 avril;1,435641;1,660146;1,488239;0,186635;4,770662;0,200369;0,087645;0,001037;Not Available;Not Available;0,176844;0,265526;5,236557
1979 mai;1,560284;1,682608;1,54646;0,187917;4,977269;0,163455;0,099903;0,001043;Not Available;Not Available;0,182782;0,283727;5,424451
1979 juin;1,587453;1,611138;1,467104;0,182066;4,847761;0,174776;0,08623;0,001056;Not Available;Not Available;0,176833;0,264118;5,286656
1979 juillet;1,203422;1,629516;1,503812;0,187295;4,524046;0,226552;0,078573;0,00112;Not Available;Not Available;0,1827;0,262394;5,012992
1979 août;1,608066;1,656062;1,53689;0,188612;4,98963;0,263316;0,073393;0,001222;Not Available;Not Available;0,182808;0,257423;5,510369
1979 septembre;1,450304;1,60297;1,483019;0,181278;4,717572;0,237204;0,065516;0,00106;Not Available;Not Available;0,176891;0,243468;5,198244
1979 octobre;1,764054;1,672398;1,550085;0,192397;5,178934;0,227745;0,069619;0,001189;Not Available;Not Available;0,182752;0,253559;5,660238
1979 novembre;1,538234;1,690776;1,524344;0,194166;4,94752;0,209477;0,077213;0,001155;Not Available;Not Available;0,176949;0,255317;5,412314
1979 décembre;1,36435;1,787771;1,54889;0,194629;4,89564;0,223959;0,078457;0,001409;Not Available;Not Available;0,18277;0,262637;5,382237
1980 janvier;1,55995;1,796526;1,559852;0,197443;5,11377;0,215389;0,087244;0,001148;Not Available;Not Available;0,209829;0,298221;5,62738
1980 février;1,469214;1,685718;1,4641;0,185557;4,804588;0,210277;0,073781;0,001103;Not Available;Not Available;0,19631;0,271194;5,28606
1980 mars;1,590411;1,80576;1,56397;0,187798;5,14794;0,218584;0,083978;0,001225;Not Available;Not Available;0,209727;0,294931;5,661454
1980 avril;1,561384;1,647756;1,511138;0,188965;4,909243;0,205;0,088865;0,001284;Not Available;Not Available;0,202894;0,293043;5,407285
1980 mai;1,592429;1,67238;1,552567;0,193486;5,010862;0,200541;0,099622;0,001512;Not Available;Not Available;0,209548;0,310682;5,522086
1980 juin;1,599041;1,56465;1,48839;0,180994;4,833075;0,199859;0,095451;0,001459;Not Available;Not Available;0,202723;0,299633;5,332566
1980 juillet;1,373703;1,594404;1,536791;0,182493;4,687391;0,229329;0,084448;0,001534;Not Available;Not Available;0,209554;0,295537;5,212257
1980 août;1,533164;1,55439;1,512878;0,182002;4,782434;0,265424;0,070517;0,001639;Not Available;Not Available;0,209675;0,281831;5,329688
1980 septembre;1,542645;1,557468;1,499747;0,175673;4,775533;0,257127;0,063819;0,00148;Not Available;Not Available;0,202905;0,268204;5,300864
1980 octobre;1,62038;1,62621;1,534036;0,181558;4,962184;0,267351;0,061661;0,001681;Not Available;Not Available;0,209717;0,273058;5,502594
1980 novembre;1,538902;1,629288;1,478142;0,182052;4,828384;0,228892;0,066325;0,001643;Not Available;Not Available;0,202945;0,270913;5,328189
1980 décembre;1,616503;1,773954;1,547307;0,186821;5,124584;0,241396;0,076858;0,001602;Not Available;Not Available;0,209671;0,288131;5,654111
1981 janvier;1,4707;1,729468;1,535469;0,19765;4,933286;0,26228;0,077214;0,001725;Not Available;Not Available;0,220544;0,299483;5,495049
1981 février;1,582039;1,552824;1,397301;0,178708;4,710872;0,238196;0,07283;0,001525;Not Available;Not Available;0,199248;0,273604;5,222671
1981 mars;1,745958;1,713036;1,548617;0,194292;5,201903;0,242709;0,07115;0,00171;Not Available;Not Available;0,220595;0,293454;5,738066
1981 avril;0,808732;1,652443;1,488906;0,185118;4,135199;0,227726;0,071718;0,001579;Not Available;Not Available;0,213467;0,286764;4,649689
1981 mai;0,849935;1,676064;1,528538;0,190675;4,245212;0,217546;0,083301;0,001564;Not Available;Not Available;0,220433;0,305297;4,768055
1981 juin;1,373169;1,613417;1,501382;0,184547;4,672515;0,233457;0,091061;0,001561;Not Available;Not Available;0,213237;0,30586;5,211831
1981 juillet;1,652487;1,641146;1,528288;0,185179;5,007101;0,254569;0,086714;0,001716;Not Available;Not Available;0,220392;0,308821;5,57049
1981 août;1,757469;1,683253;1,5432;0,193186;5,177108;0,297219;0,074556;0,001695;Not Available;Not Available;0,220428;0,296678;5,771005
1981 septembre;1,82301;1,556932;1,497096;0,186682;5,06372;0,269115;0,061534;0,001705;Not Available;Not Available;0,21348;0,27672;5,609554
1981 octobre;1,901556;1,621633;1,53961;0,191268;5,254067;0,226731;0,06242;0,001682;Not Available;Not Available;0,220581;0,284684;5,765482
1981 novembre;1,70828;1,563094;1,493958;0,188733;4,954065;0,251301;0,065459;0,001468;Not Available;Not Available;0,213437;0,280364;5,48573
1981 décembre;1,703439;1,695577;1,543653;0,190247;5,132915;0,286743;0,082279;0,001473;Not Available;Not Available;0,22044;0,304193;5,723851
1982 janvier;1,493082;1,709564;1,529999;0,185748;4,918393;0,284331;0,092763;0,001297;Not Available;Not Available;0,226251;0,320311;5,523034
1982 février;1,582727;1,566672;1,413234;0,166183;4,728817;0,223538;0,091907;0,001193;Not Available;Not Available;0,204375;0,297475;5,249829
1982 mars;1,866808;1,657136;1,558385;0,185034;5,267363;0,251971;0,102924;0,001051;Not Available;Not Available;0,226157;0,330131;5,849466
1982 avril;1,636501;1,563588;1,49488;0,17564;4,87061;0,241222;0,096303;0,00106;Not Available;Not Available;0,218821;0,316183;5,428015
1982 mai;1,581793;1,534804;1,561279;0,178741;4,856617;0,239606;0,096572;0,001231;Not Available;Not Available;0,226135;0,323939;5,420162
1982 juin;1,594981;1,488544;1,504421;0,172109;4,760056;0,26604;0,096463;0,001487;Not Available;Not Available;0,218866;0,316816;5,342912
1982 juillet;1,346238;1,509104;1,556708;0,178096;4,590146;0,281997;0,094087;0,001564;Not Available;Not Available;0,226202;0,321854;5,193996
1982 août;1,621179;1,476208;1,552329;0,179484;4,8292;0,276671;0,082333;0,001559;Not Available;Not Available;0,226168;0,310059;5,41593
1982 septembre;1,511162;1,415556;1,513962;0,172986;4,613666;0,281149;0,068612;0,001495;Not Available;Not Available;0,218947;0,289054;5,18387
1982 octobre;1,575678;1,44434;1,564521;0,180165;4,764703;0,257422;0,068091;0,001592;Not Available;Not Available;0,226373;0,296056;5,318181
1982 novembre;1,424519;1,45976;1,513324;0,183281;4,580885;0,257281;0,080245;0,001672;Not Available;Not Available;0,218948;0,300864;5,13903
1982 décembre;1,404082;1,493684;1,545903;0,191735;4,635404;0,269921;0,095522;0,001323;Not Available;Not Available;0,22621;0,323054;5,228379
1983 janvier;1,383344;1,571403;1,563703;0,183864;4,702314;0,273422;0,100743;0,00165;Not Available;0,000001;0,246575;0,348969;5,324704
1983 février;1,337542;1,363498;1,422375;0,165633;4,289048;0,242067;0,096206;0,001269;Not Available;0;0,222738;0,320213;4,851327
1983 mars;1,519295;1,402675;1,564295;0,179324;4,665589;0,260523;0,104348;0,001463;Not Available;0,000001;0,24661;0,352422;5,278533
1983 avril;1,36363;1,374733;1,52696;0,169598;4,434922;0,243561;0,103334;0,001371;Not Available;0,000001;0,238625;0,343331;5,021814
1983 mai;1,393885;1,371321;1,551935;0,173808;4,490949;0,240465;0,107568;0,001114;Not Available;0,000001;0,246647;0,35533;5,086744
1983 juin;1,362747;1,328297;1,508081;0,171513;4,370639;0,263376;0,10581;0,001465;Not Available;0,000001;0,238736;0,346012;4,980027
1983 juillet;1,217557;1,376296;1,552759;0,179113;4,325726;0,279191;0,096883;0,001825;Not Available;0;0,246651;0,345359;4,950276
1983 août;1,616213;1,352142;1,560507;0,18178;4,710642;0,285725;0,088929;0,002401;Not Available;0;0,246695;0,338025;5,334392
1983 septembre;1,55052;1,287393;1,528474;0,180458;4,546845;0,272705;0,074808;0,002194;Not Available;0,000001;0,238755;0,315758;5,135309
1983 octobre;1,582319;1,353075;1,576962;0,186665;4,699021;0,281314;0,071491;0,0023;Not Available;0,000002;0,246732;0,320524;5,300859
1983 novembre;1,51462;1,349385;1,526044;0,184802;4,57485;0,272735;0,084956;0,002047;Not Available;0,000001;0,23878;0,325785;5,17337
1983 décembre;1,404999;1,46317;1,509699;0,179759;4,557628;0,287465;0,108936;0,00163;Not Available;0;0,246871;0,357437;5,20253
1984 janvier;1,494935;1,70249;1,594432;0,182445;4,974302;0,317844;0,102459;0,001665;0;0;0,251483;0,355607;5,647753
1984 février;1,621477;1,478481;1,492671;0,177603;4,770232;0,308326;0,096034;0,002034;0;0,000001;0,235169;0,333238;5,411796
1984 mars;1,794345;1,521124;1,559208;0,185688;5,060365;0,296499;0,104801;0,002235;0,000001;0,000001;0,251529;0,358566;5,71543
1984 avril;1,601246;1,488426;1,542058;0,181947;4,813677;0,262738;0,10327;0,002205;0,000001;0,000002;0,243277;0,348756;5,425171
1984 mai;1,784422;1,484727;1,610173;0,187404;5,066725;0,280471;0,109683;0,002115;0,000002;0,000003;0,251408;0,363212;5,710408
1984 juin;1,681606;1,437914;1,540306;0,181217;4,841043;0,274321;0,099261;0,002053;0,000003;0,000002;0,243303;0,344623;5,459987
1984 juillet;1,646026;1,491238;1,597506;0,189647;4,924416;0,306687;0,094772;0,00196;0,000001;0,000002;0,251632;0,348366;5,579469
1984 août;1,999007;1,469435;1,583928;0,190003;5,242373;0,319793;0,086573;0,002454;0,000003;0,000001;0,251638;0,340669;5,902835
1984 septembre;1,738428;1,400102;1,564828;0,186475;4,889833;0,316027;0,072076;0,00221;0,000003;0,000002;0,243596;0,317887;5,523746
1984 octobre;1,535976;1,47165;1,601235;0,191426;4,800286;0,268621;0,071968;0,002426;0,000002;0,000003;0,251974;0,326373;5,39528
1984 novembre;1,417188;1,46868;1,562271;0,188486;4,636625;0,266462;0,076704;0,002396;0,000001;0,000003;0,244068;0,323172;5,226259
1984 décembre;1,40456;1,593666;1,599623;0,191467;4,789315;0,334742;0,088949;0,002656;0;0,000004;0,252042;0,343652;5,467709
1985 janvier;1,492863;1,615285;1,571371;0,189303;4,868823;0,384371;0,094973;0,002641;0,000002;0,000002;0,256315;0,353933;5,607126
1985 février;1,47039;1,467027;1,465631;0,170513;4,573561;0,32729;0,089219;0,002332;0;0,000004;0,231512;0,323067;5,223918
1985 mars;1,700255;1,464106;1,635269;0,186107;4,985737;0,32972;0,085029;0,002715;0;0,000002;0,256336;0,344083;5,659539
1985 avril;1,673948;1,379719;1,573534;0,178059;4,80526;0,28104;0,084276;0,002378;0,000004;0,000002;0,247599;0,334259;5,420559
1985 mai;1,714221;1,365195;1,641939;0,185379;4,906735;0,304823;0,091284;0,002473;0,000005;0,000001;0,255881;0,349644;5,561202
1985 juin;1,601684;1,318821;1,569787;0,179755;4,670048;0,32755;0,082425;0,002382;0,000005;0,000001;0,247643;0,332457;5,330055
1985 juillet;1,514022;1,350741;1,608978;0,18237;4,656111;0,373727;0,073612;0,002619;0,000004;0;0,256159;0,332393;5,362231
1985 août;1,741329;1,347676;1,58271;0,185435;4,85715;0,369775;0,06898;0,002737;0,000007;0,000001;0,256301;0,328026;5,55495
1985 septembre;1,617873;1,320837;1,557938;0,17729;4,673938;0,366541;0,064761;0,002602;0,000005;0,000003;0,247997;0,315367;5,355845
1985 octobre;1,753049;1,376261;1,612794;0,187277;4,929382;0,331461;0,069105;0,002491;0,000003;0,000002;0,256175;0,327776;5,58862
1985 novembre;1,514883;1,380646;1,548942;0,18688;4,63135;0,320428;0,079075;0,003075;0,000001;0,000001;0,24807;0,330222;5,282
1985 décembre;1,530649;1,594066;1,623513;0,1954;4,943628;0,358837;0,087328;0,003372;0,000001;0;0,256246;0,346947;5,649413
1986 janvier;1,711531;1,590844;1,642838;0,197965;5,143178;0,383159;0,073934;0,003438;0,000002;0,000001;0,249178;0,326552;5,85289
1986 février;1,588455;1,379224;1,489759;0,177299;4,634737;0,346156;0,080075;0,002953;0,000002;0,000001;0,224922;0,307952;5,288845
1986 mars;1,695601;1,464062;1,620595;0,185657;4,965916;0,325549;0,098081;0,003071;0,000003;0,000002;0,248837;0,349995;5,64146
1986 avril;1,636466;1,315141;1,542319;0,170546;4,664471;0,322413;0,094922;0,002769;0,000005;0,000002;0,240788;0,338487;5,325371
1986 mai;1,597618;1,340462;1,588991;0,178538;4,70561;0,337725;0,093958;0,002798;0,000006;0,000003;0,248822;0,345587;5,388922
1986 juin;1,586797;1,282181;1,50046;0,168414;4,537852;0,331481;0,090562;0,003036;0,000005;0,000002;0,240837;0,334442;5,203775
1986 juillet;1,48125;1,323357;1,556998;0,174436;4,536041;0,379718;0,083094;0,003221;0,000006;0,000002;0,249011;0,335334;5,251093
1986 août;1,671805;1,32336;1,505564;0,167179;4,667907;0,396534;0,073104;0,003214;0,000006;0,000002;0,249176;0,325501;5,389942
1986 septembre;1,638899;1,258956;1,449089;0,164439;4,511383;0,387113;0,072767;0,002693;0,000005;0;0,241074;0,316539;5,215036
1986 octobre;1,750646;1,333276;1,513707;0,170889;4,768518;0,383103;0,073498;0,002647;0,000004;0,000001;0,248974;0,325125;5,476746
1986 novembre;1,538049;1,414165;1,463769;0,175761;4,591745;0,369674;0,079755;0,002291;0,000003;0;0,241122;0,323172;5,28459
1986 décembre;1,612349;1,515772;1,501771;0,181756;4,811648;0,417484;0,089397;0,003038;0,000001;0;0,249352;0,341787;5,570919
1987 janvier;1,637161;1,586308;1,52475;0,183564;4,931783;0,417417;0,087702;0,003051;0;0;0,244137;0,33489;5,68409
1987 février;1,570964;1,425523;1,362304;0,169535;4,528326;0,382159;0,073264;0,002829;0,000002;0;0,220511;0,296606;5,207091
1987 mars;1,66293;1,505676;1,521908;0,185338;4,875851;0,389382;0,080279;0,003102;0,000003;0;0,244157;0,327541;5,592775
1987 avril;1,557431;1,403143;1,478681;0,178448;4,617703;0,349992;0,076163;0,002924;0,000004;0;0,236139;0,315231;5,282926
1987 mai;1,550039;1,387096;1,498871;0,183919;4,619925;0,358374;0,083712;0,003072;0,000004;0,000001;0,244007;0,330797;5,309095
1987 juin;1,689563;1,328514;1,440465;0,177191;4,635733;0,38176;0,072271;0,003155;0,000006;0,000003;0,236522;0,311957;5,32945
1987 juillet;1,529582;1,347142;1,483536;0,183496;4,543756;0,41826;0,069864;0,003262;0,000006;0,000004;0,244359;0,317495;5,279512
1987 août;1,769251;1,371097;1,476146;0,182239;4,798734;0,431801;0,063744;0,00325;0,000004;0,000001;0,244396;0,311395;5,54193
1987 septembre;1,808062;1,307841;1,427745;0,177558;4,721206;0,414191;0,062756;0,003032;0,000003;0,000001;0,236298;0,30209;5,437486
1987 octobre;1,885113;1,422251;1,503778;0,185865;4,997007;0,381045;0,061964;0,00307;0,000002;0;0,244059;0,309095;5,687146
1987 novembre;1,73714;1,464474;1,461107;0,183743;4,846465;0,390924;0,058272;0,002968;0,000001;0;0,236197;0,297439;5,534829
1987 décembre;1,743868;1,586754;1,495495;0,188036;5,014152;0,438627;0,072753;0,003049;0,000001;0,000001;0,244104;0,319908;5,772687
1988 janvier;1,649486;1,633857;1,483309;0,18357;4,950223;0,473469;0,076171;0,003078;0,000002;0,000002;0,255331;0,334583;5,758275
1988 février;1,681541;1,487722;1,408518;0,174598;4,752379;0,447892;0,066029;0,002648;0,000003;0;0,238853;0,307533;5,507804
1988 mars;1,838611;1,551993;1,505605;0,190269;5,086477;0,465555;0,067539;0,003087;0,000004;0;0,255385;0,326015;5,878048
1988 avril;1,650325;1,42074;1,442048;0,182032;4,695146;0,424786;0,066195;0,002794;0,000002;0;0,247241;0,316232;5,436163
1988 mai;1,621095;1,454528;1,479516;0,189208;4,744347;0,430975;0,073601;0,002747;0,000004;0;0,255188;0,331539;5,506862
1988 juin;1,674653;1,382694;1,421592;0,181837;4,660775;0,467326;0,065346;0,002913;0,000005;0;0,24734;0,315603;5,443705
1988 juillet;1,515623;1,40097;1,445528;0,188135;4,550257;0,528281;0,058636;0,003169;0,000004;0;0,255582;0,317391;5,395928
1988 août;1,932989;1,420649;1,452662;0,18791;4,994209;0,519872;0,056923;0,003024;0,000004;0;0,255815;0,315766;5,829847
1988 septembre;1,824305;1,340479;1,373713;0,182411;4,720908;0,49056;0,056241;0,002899;0,000003;0;0,247357;0,3065;5,517968
1988 octobre;1,772923;1,456516;1,442483;0,193161;4,865084;0,451551;0,052265;0,002954;0;0;0,255517;0,310737;5,627372
1988 novembre;1,817499;1,483904;1,39606;0,187524;4,884987;0,419662;0,063762;0,002933;0;0;0,247096;0,313792;5,618441
1988 décembre;1,758589;1,564545;1,427896;0,190033;4,941064;0,467038;0,068748;0,002898;0;0;0,255345;0,326992;5,735093
1989 janvier;1,793202;1,584724;1,427124;0,194211;4,999261;0,490288;0,073277;0,005154;0,002821;0,000497;0,266572;0,348321;5,83787
1989 février;1,64259;1,464457;1,264843;0,169361;4,541252;0,409824;0,065188;0,004654;0,003041;0,000763;0,243927;0,317572;5,268648
1989 mars;1,947441;1,552134;1,361967;0,192536;5,054078;0,419471;0,079268;0,005438;0,00422;0,000873;0,268315;0,358115;5,831664
1989 avril;1,686912;1,4781;1,35225;0,189032;4,706294;0,354476;0,084295;0,004797;0,00466;0,000812;0,251946;0,346511;5,407281
1989 mai;1,802733;1,497715;1,405355;0,189024;4,894828;0,405739;0,0982;0,005064;0,005109;0,000697;0,241235;0,350304;5,650871
1989 juin;1,716177;1,436696;1,32664;0,170159;4,649672;0,454815;0,090614;0,004984;0,005175;0,000534;0,248447;0,349753;5,45424
1989 juillet;1,45087;1,464506;1,338444;0,179867;4,433687;0,553819;0,079373;0,005069;0,005476;0,000485;0,261318;0,35172;5,339226
1989 août;1,989536;1,454001;1,356494;0,175448;4,975478;0,581511;0,070675;0,004919;0,005389;0,000352;0,276985;0,35832;5,915309
1989 septembre;1,853718;1,383898;1,31333;0,167159;4,718105;0,474507;0,066237;0,004609;0,004941;0,000956;0,264811;0,341553;5,534165
1989 octobre;1,957229;1,451818;1,34001;0,172451;4,921508;0,460972;0,070285;0,004835;0,004501;0,000599;0,276462;0,356682;5,739161
1989 novembre;1,89987;1,512263;1,311278;0,167442;4,890853;0,459296;0,074172;0,004623;0,003697;0,000419;0,276819;0,359731;5,70988
1989 décembre;1,619899;1,566964;1,319148;0,156677;4,662688;0,537442;0,076402;0,004948;0,003465;0,000219;0,28252;0,367555;5,567685
1990 janvier;1,978864;1,664082;1,356802;0,179531;5,179279;0,583273;0,083078;0,005514;0,003015;0,001028;0,236692;0,329327;6,091879
1990 février;1,792179;1,48246;1,217552;0,165224;4,657415;0,528705;0,086122;0,005032;0,003256;0,000789;0,226266;0,321465;5,507584
1990 mars;2,001389;1,572566;1,336515;0,177821;5,088291;0,487694;0,098841;0,00554;0,004489;0,000837;0,244248;0,353956;5,92994
1990 avril;1,817216;1,490787;1,288848;0,168272;4,765123;0,407576;0,090589;0,004526;0,004946;0,001434;0,23264;0,334136;5,506836
1990 mai;1,890398;1,507534;1,317636;0,175021;4,890589;0,454445;0,095753;0,00522;0,005515;0,001195;0,210108;0,317791;5,662825
1990 juin;1,848615;1,465937;1,236416;0,164379;4,715347;0,490288;0,098444;0,005368;0,005534;0,001387;0,178544;0,289276;5,494912
1990 juillet;1,744221;1,490656;1,289753;0,172909;4,697539;0,567668;0,08449;0,00543;0,005832;0,000406;0,219713;0,315872;5,581079
1990 août;2,007104;1,49638;1,310137;0,183451;4,997071;0,590033;0,075559;0,005369;0,005781;0,000239;0,245632;0,33258;5,919684
1990 septembre;1,816545;1,433396;1,256945;0,180038;4,686923;0,513067;0,061422;0,005072;0,005228;0,000311;0,239932;0,311965;5,511955
1990 octobre;2,041296;1,558757;1,356032;0,194255;5,150339;0,459207;0,066657;0,005305;0,004782;0,000693;0,235437;0,312873;5,92242
1990 novembre;1,895815;1,555941;1,285266;0,190564;4,927586;0,476554;0,071863;0,005092;0,003884;0,000789;0,220256;0,301883;5,706023
1990 décembre;1,653907;1,60766;1,319286;0,186833;4,767685;0,545839;0,08644;0,005394;0,0037;0,000406;0,245644;0,341584;5,655108
1991 janvier;1,874105;1,65825;1,348488;0,190905;5,071747;0,570005;0,091732;0,005679;0,003125;0,000212;0,269531;0,370278;6,01203
1991 février;1,803532;1,459117;1,240248;0,177508;4,680405;0,501792;0,078638;0,004981;0,003369;0,000989;0,204535;0,292511;5,474708
1991 mars;1,855883;1,580541;1,356772;0,195172;4,988368;0,514987;0,092384;0,005658;0,004561;0,000707;0,214374;0,317683;5,821037
1991 avril;1,7296;1,506171;1,306483;0,186761;4,729014;0,43646;0,091874;0,005144;0,005026;0,000813;0,190452;0,293309;5,458782
1991 mai;1,741999;1,49687;1,332085;0,192064;4,763018;0,490175;0,101296;0,00527;0,005739;0,001237;0,206579;0,32012;5,573313
1991 juin;1,677008;1,426773;1,273737;0,182591;4,560109;0,568322;0,091854;0,005528;0,005803;0,00053;0,209721;0,313437;5,441867
1991 juillet;1,741691;1,440952;1,320983;0,188017;4,691643;0,636742;0,086984;0,005556;0,006133;0,00053;0,210055;0,309257;5,637641
1991 août;1,940527;1,446753;1,315446;0,188623;4,89135;0,613027;0,077658;0,00551;0,006035;0,000777;0,250834;0,340813;5,84519
1991 septembre;1,780638;1,439983;1,281968;0,182089;4,684678;0,543843;0,065997;0,005196;0,005487;0,000707;0,267735;0,345122;5,573643
1991 octobre;1,972528;1,554498;1,337233;0,195467;5,059727;0,49959;0,063197;0,005465;0,004935;0,001448;0,249408;0,324454;5,883771
1991 novembre;1,78559;1,573539;1,275033;0,190445;4,824607;0,485359;0,066085;0,005647;0,004034;0,001448;0,241541;0,318757;5,628722
1991 décembre;1,733324;1,64529;1,312351;0,19552;4,886484;0,561832;0,078349;0,005845;0,003792;0,000671;0,267033;0,35569;5,804006
1992 janvier;1,912575;1,633184;1,323432;0,195688;5,064879;0,605734;0,077844;0,005828;0,003196;0,000512;0,279197;0,366577;6,037189
1992 février;1,785995;1,44034;1,242762;0,183865;4,652962;0,552907;0,06467;0,005188;0,003451;0,001759;0,230468;0,305537;5,511407
1992 mars;1,867112;1,519445;1,321231;0,196324;4,904112;0,479942;0,078408;0,005842;0,004752;0,00112;0,221177;0,311299;5,695353
1992 avril;1,792628;1,490789;1,268896;0,189878;4,74219;0,442584;0,07018;0,005351;0,005284;0,001088;0,210172;0,292073;5,476847
1992 mai;1,745108;1,529131;1,288914;0,196432;4,759585;0,477764;0,07998;0,005641;0,005883;0,00032;0,190537;0,282361;5,51971
1992 juin;1,740723;1,487723;1,247112;0,190854;4,666411;0,535959;0,080819;0,005556;0,005931;0,000256;0,230985;0,323546;5,525916
1992 juillet;1,759429;1,535564;1,282172;0,19503;4,772195;0,586886;0,070671;0,005654;0,006274;0,000256;0,25015;0,333005;5,692086
1992 août;1,838808;1,49489;1,244538;0,189814;4,768049;0,614183;0,065474;0,005689;0,006205;0,00048;0,269662;0,34751;5,729742
1992 septembre;1,819368;1,48053;1,223241;0,186202;4,709341;0,533178;0,060474;0,005326;0,005628;0,001088;0,251511;0,324027;5,566545
1992 octobre;1,87785;1,578641;1,28121;0,199599;4,937301;0,510817;0,059474;0,0056;0,005115;0,000832;0,269545;0,340565;5,788683
1992 novembre;1,747036;1,558985;1,222198;0,196739;4,724958;0,531147;0,069964;0,005554;0,004187;0,00096;0,264383;0,345048;5,601153
1992 décembre;1,807501;1,625878;1,277158;0,20216;4,912697;0,608106;0,085579;0,005633;0,003914;0,001184;0,263891;0,3602;5,881003
1993 janvier;1,74178;1,613188;1,251589;0,201122;4,807679;0,620536;0,088873;0,005993;0,003288;0,000844;0,274257;0,373255;5,80147
1993 février;1,654312;1,449784;1,127477;0,185805;4,417378;0,539056;0,07173;0,005752;0,00357;0,000169;0,240964;0,322185;5,278619
1993 mars;1,838782;1,592044;1,253948;0,207659;4,892433;0,489546;0,083868;0,006057;0,004954;0,001773;0,263204;0,359855;5,741835
1993 avril;1,699961;1,509959;1,197348;0,201922;4,609189;0,453758;0,09098;0,005985;0,005515;0,001266;0,226859;0,330605;5,393552
1993 mai;1,585486;1,535118;1,231076;0,200562;4,552242;0,529053;0,104743;0,005472;0,006053;0,001266;0,196012;0,313546;5,394842
1993 juin;1,741009;1,483411;1,182282;0,196457;4,60316;0,552722;0,095182;0,005471;0,006058;0,000295;0,197445;0,30445;5,460332
1993 juillet;1,524709;1,515159;1,202568;0,201593;4,444029;0,593499;0,08436;0,005939;0,006445;0,000464;0,212707;0,309916;5,347444
1993 août;1,641951;1,533519;1,215054;0,202273;4,592797;0,590418;0,071587;0,006014;0,006401;0,000253;0,262322;0,346577;5,529791
1993 septembre;1,721717;1,503423;1,167812;0,194104;4,587056;0,525081;0,062245;0,005803;0,005818;0,000464;0,250551;0,324882;5,437019
1993 octobre;1,746732;1,586558;1,229617;0,204745;4,767653;0,466738;0,062087;0,005796;0,005243;0,000971;0,257383;0,33148;5,565872
1993 novembre;1,714418;1,591221;1,202624;0,187067;4,69533;0,492243;0,064729;0,005715;0,004297;0,001562;0,262183;0,338485;5,526058
1993 décembre;1,724796;1,670654;1,232993;0,182881;4,811324;0,557848;0,076662;0,005886;0,004039;0,000929;0,264559;0,352074;5,721246
1994 janvier;1,653429;1,659758;1,225657;0,186695;4,725538;0,594162;0,072773;0,005941;0,003432;0;0,306708;0,388854;5,708555
1994 février;1,759371;1,48728;1,099501;0,170481;4,516633;0,520733;0,069738;0,005397;0,00368;0,000343;0,244594;0,323751;5,361118
1994 mars;2,069239;1,665073;1,212863;0,192734;5,139909;0,511829;0,080508;0,005537;0,005137;0,001865;0,261461;0,354509;6,006247
1994 avril;1,887272;1,58242;1,150506;0,18775;4,807947;0,451444;0,084264;0,005608;0,00564;0,001408;0,236035;0,332955;5,592346
1994 mai;1,771421;1,637923;1,202537;0,197688;4,809569;0,507184;0,088353;0,00556;0,006216;0,001256;0,20248;0,303865;5,620618
1994 juin;1,86076;1,562982;1,150243;0,193789;4,767774;0,540902;0,085343;0,005073;0,006292;0,001256;0,215744;0,313708;5,622384
1994 juillet;1,67204;1,619291;1,168858;0,202546;4,662735;0,61795;0,079712;0,005347;0,006584;0,000647;0,274451;0,366741;5,647426
1994 août;2,026723;1,626278;1,176639;0,20343;5,033069;0,628207;0,069257;0,005777;0,006471;0,000457;0,251577;0,33354;5,994815
1994 septembre;1,906248;1,54397;1,149932;0,20038;4,800529;0,581426;0,056561;0,00539;0,005949;0,001066;0,238967;0,307933;5,689888
1994 octobre;1,837246;1,603714;1,197106;0,20205;4,840115;0,529943;0,059757;0,005538;0,005458;0,001218;0,271599;0,343569;5,713628
1994 novembre;1,862961;1,64877;1,15333;0,202993;4,868054;0,577783;0,065325;0,005454;0,004415;0,001675;0,261436;0,338304;5,784142
1994 décembre;1,895373;1,710555;1,215393;0,20885;5,030171;0,632314;0,075959;0,005584;0,004136;0,000571;0,262482;0,348732;6,011218
1995 janvier;1,90566;1,640179;1,201456;0,206535;4,95383;0,665531;0,084852;0,005125;0,003415;0,000019;0,243462;0,336872;5,956233
1995 février;1,809241;1,462862;1,103419;0,185852;4,561374;0,544873;0,085447;0,003934;0,003692;0,00008;0,206657;0,29981;5,406058
1995 mars;2,005865;1,623599;1,186754;0,205264;5,021481;0,545102;0,097479;0,004332;0,005105;0,000016;0,23982;0,346752;5,913336
1995 avril;1,727368;1,569275;1,149047;0,200622;4,646312;0,518215;0,083847;0,00387;0,005735;0,000023;0,267571;0,361046;5,525572
1995 mai;1,796349;1,612832;1,191951;0,206915;4,808047;0,571444;0,094791;0,003649;0,00637;0,001394;0,227439;0,333643;5,713134
1995 juin;1,817216;1,55248;1,144681;0,194546;4,708923;0,592394;0,103128;0,003858;0,006471;0,001701;0,226934;0,342092;5,643409
1995 juillet;1,717688;1,603819;1,159489;0,202374;4,68337;0,651824;0,093729;0,004132;0,00675;0,002115;0,294251;0,400977;5,736171
1995 août;1,901985;1,592803;1,159108;0,199903;4,853799;0,64787;0,083175;0,006243;0,006674;0,001862;0,301628;0,399583;5,901252
1995 septembre;1,90734;1,546477;1,116407;0,196488;4,766712;0,585133;0,068333;0,00469;0,006047;0,001955;0,268791;0,349815;5,701661
1995 octobre;1,939535;1,575236;1,154518;0,203053;4,872342;0,570461;0,078993;0,007148;0,005471;0,000876;0,292175;0,384663;5,827467
1995 novembre;1,858777;1,620953;1,145844;0,200924;4,826497;0,553807;0,087148;0,006492;0,004473;0,000427;0,267659;0,3662;5,746504
1995 décembre;1,742527;1,681731;1,174082;0,19537;4,79371;0,628781;0,09964;0,006275;0,004192;0,000329;0,262694;0,373129;5,795621
1996 janvier;1,796439;1,630168;1,167854;0,196955;4,791416;0,661075;0,104821;0,004591;0,003472;0,000503;0,272584;0,385971;5,838462
1996 février;1,810845;1,540477;1,106217;0,18044;4,63798;0,587409;0,108488;0,004575;0,00376;0,000382;0,226038;0,343243;5,568631
1996 mars;1,95751;1,631448;1,181548;0,20826;4,978767;0,582642;0,115603;0,00445;0,005293;0,00064;0,259039;0,385026;5,946435
1996 avril;1,907983;1,607943;1,12124;0,20492;4,842086;0,528566;0,108647;0,00484;0,005865;0,000834;0,205729;0,325915;5,696567
1996 mai;1,917099;1,636984;1,149605;0,207361;4,911048;0,584355;0,113485;0,003701;0,006487;0,001336;0,231211;0,356221;5,851624
1996 juin;1,815968;1,593012;1,123728;0,203591;4,736299;0,603899;0,108928;0,004863;0,006562;0,001282;0,254182;0,375816;5,716014
1996 juillet;1,912976;1,631138;1,139531;0,209997;4,893643;0,640194;0,098519;0,006472;0,006804;0,001826;0,281656;0,395278;5,929114
1996 août;2,037281;1,636065;1,143541;0,213285;5,030173;0,645688;0,08962;0,006651;0,006602;0,001416;0,294581;0,39887;6,074731
1996 septembre;1,880233;1,579477;1,127843;0,207935;4,795487;0,573389;0,075536;0,005883;0,005956;0,001199;0,259345;0,34792;5,716796
1996 octobre;2,029051;1,617934;1,165261;0,219514;5,03176;0,531582;0,077094;0,006243;0,005494;0,000863;0,310461;0,400155;5,963497
1996 novembre;1,861906;1,601151;1,126755;0,212711;4,802522;0,54754;0,080374;0,006275;0,004495;0,000337;0,295562;0,387043;5,737106
1996 décembre;1,862858;1,638471;1,169773;0,215374;4,886476;0,600336;0,1034;0,005545;0,004262;0,000417;0,264912;0,378537;5,865348
1997 janvier;1,98574;1,666424;1,151101;0,203666;5,006932;0,618248;0,112458;0,005192;0,003422;0,000411;0,275641;0,397124;6,022304
1997 février;1,890863;1,509851;1,057921;0,192723;4,651357;0,531601;0,107528;0,004096;0,003762;0,000372;0,226521;0,342279;5,525237
1997 mars;1,98411;1,676394;1,160078;0,214322;5,034904;0,529045;0,119397;0,005407;0,005176;0,000507;0,251136;0,381623;5,945573
1997 avril;1,890446;1,597772;1,120785;0,201731;4,810734;0,471001;0,109441;0,005789;0,005748;0,001106;0,25201;0,374093;5,655828
1997 mai;2,025991;1,658807;1,164072;0,208185;5,057055;0,493552;0,116635;0,00571;0,006292;0,001196;0,268515;0,398347;5,948954
1997 juin;1,859166;1,571051;1,120859;0,201982;4,753058;0,546683;0,117564;0,004874;0,006433;0,001764;0,23169;0,362325;5,662065
1997 juillet;1,908692;1,632027;1,152409;0,208067;4,901194;0,601853;0,108011;0,006085;0,006721;0,001738;0,259985;0,38254;5,885587
1997 août;1,920083;1,62893;1,14126;0,209228;4,899501;0,641012;0,091802;0,006028;0,006612;0,001809;0,264422;0,370673;5,911187
1997 septembre;1,982762;1,591515;1,128533;0,203998;4,906809;0,551839;0,079836;0,005771;0,005958;0,000888;0,250744;0,343197;5,801845
1997 octobre;2,031691;1,644993;1,162794;0,207164;5,046643;0,493021;0,084394;0,005765;0,005437;0,000937;0,305656;0,402188;5,941852
1997 novembre;1,791105;1,593447;1,123915;0,191104;4,699572;0,537176;0,0809;0,005704;0,004424;0,000248;0,264591;0,355868;5,592616
1997 décembre;2,038965;1,622639;1,174293;0,202627;5,038524;0,581961;0,088252;0,006125;0,004187;0,000244;0,256998;0,355807;5,976292
1998 janvier;2,109645;1,710311;1,175987;0,206727;5,202669;0,607312;0,098328;0,006296;0,003375;0,000059;0,278211;0,386269;6,19625
1998 février;1,875506;1,522354;1,051663;0,192118;4,64164;0,535028;0,102347;0,005165;0,003629;0,000028;0,212209;0,323378;5,500045
1998 mars;2,069152;1,699438;1,152106;0,212239;5,132935;0,563483;0,108119;0,006251;0,005138;0,000021;0,240963;0,360492;6,056909
1998 avril;1,980508;1,641044;1,127999;0,207156;4,956706;0,498354;0,09761;0,004583;0,005664;0,000293;0,240612;0,348763;5,803824
1998 mai;1,952215;1,701704;1,141174;0,210141;5,005234;0,540248;0,113264;0,004321;0,006173;0,000489;0,250239;0,374487;5,919969
1998 juin;1,989483;1,631191;1,090504;0,193736;4,904914;0,584683;0,110348;0,004907;0,006327;0,001348;0,186089;0,309019;5,798615
1998 juillet;1,958933;1,661339;1,11375;0,181641;4,915663;0,645187;0,097785;0,005879;0,006679;0,001868;0,246326;0,358537;5,919387
1998 août;1,972738;1,672894;1,115235;0,197164;4,958031;0,633331;0,085678;0,006212;0,006584;0,001438;0,254237;0,35415;5,945512
1998 septembre;2,062224;1,518664;1,007323;0,190186;4,778397;0,600147;0,07106;0,006079;0,005956;0,001623;0,24827;0,332989;5,711532
1998 octobre;2,090703;1,638715;1,104433;0,199716;5,033568;0,602492;0,064434;0,006608;0,005395;0,001019;0,267922;0,345379;5,981438
1998 novembre;1,945846;1,587717;1,068348;0,195911;4,797821;0,601894;0,06831;0,006004;0,004389;0,000618;0,230488;0,309809;5,709524
1998 décembre;2,038246;1,627924;1,086612;0,185561;4,938343;0,655652;0,085937;0,005902;0,004147;0,001519;0,273362;0,370867;5,964861
1999 janvier;1,937848;1,66922;1,072211;0,188062;4,867341;0,686455;0,100724;0,006154;0,003294;0,00115;0,27226;0,383582;5,937378
1999 février;1,959623;1,504679;0,9688;0,176663;4,609765;0,600763;0,097902;0,005118;0,00357;0,001054;0,220539;0,328183;5,538711
1999 mars;2,092359;1,665684;1,057697;0,202967;5,018707;0,614858;0,109456;0,005921;0,004984;0,001524;0,212177;0,334062;5,967628
1999 avril;1,900155;1,591332;1,024373;0,198469;4,714329;0,507129;0,09328;0,005188;0,005536;0,001274;0,24992;0,355198;5,576657
1999 mai;1,813646;1,621246;1,056309;0,20326;4,694461;0,585793;0,098936;0,006109;0,006121;0,00094;0,289264;0,40137;5,681624
1999 juin;1,925871;1,582597;1,002286;0,205938;4,716691;0,651038;0,104294;0,005724;0,006184;0,000866;0,23609;0,353158;5,720887
1999 juillet;1,876465;1,628554;1,04248;0,21597;4,763469;0,698212;0,101288;0,005814;0,006482;0,001556;0,264292;0,379433;5,841114
1999 août;1,978927;1,625085;1,039286;0,212784;4,856081;0,712091;0,087778;0,005902;0,006377;0,001304;0,258854;0,360215;5,928388
1999 septembre;1,97103;1,572915;1,009856;0,210663;4,764465;0,636771;0,071283;0,00587;0,005775;0,001288;0,24414;0,328356;5,729592
1999 octobre;1,918471;1,629963;1,069291;0,221751;4,839475;0,578335;0,067908;0,006081;0,005311;0,001428;0,228256;0,308985;5,726796
1999 novembre;1,955082;1,602359;1,037102;0,214223;4,808766;0,632772;0,07221;0,0058;0,004307;0,001209;0,254125;0,33765;5,779187
1999 décembre;1,965608;1,647069;1,071351;0,222216;4,906244;0,706037;0,085198;0,006207;0,004068;0,00172;0,235215;0,332407;5,944689
2000 janvier;1,855655;1,663294;1,040031;0,221167;4,780147;0,737981;0,086468;0,006086;0,003155;0,002202;0,222067;0,319978;5,838106
2000 février;1,846984;1,532043;0,984279;0,210242;4,573548;0,669318;0,076714;0,005637;0,00344;0,002409;0,246169;0,334369;5,577234
2000 mars;2,106475;1,676599;1,064094;0,224684;5,071853;0,654279;0,09111;0,005793;0,004733;0,001194;0,263209;0,36604;6,092172
2000 avril;1,732611;1,585259;1,018625;0,215385;4,55188;0,607585;0,097207;0,005929;0,005239;0,001126;0,254609;0,36411;5,523575
2000 mai;1,879543;1,646921;1,051202;0,219683;4,797348;0,667205;0,09356;0,005805;0,005832;0,001392;0,254678;0,361267;5,82582
2000 juin;1,919697;1,607554;1,013181;0,210344;4,750776;0,701857;0,085931;0,00566;0,005895;0,001525;0,227712;0,326724;5,779356
2000 juillet;1,794655;1,660575;1,031937;0,218741;4,705909;0,719306;0,082333;0,005838;0,006261;0,001296;0,255348;0,351077;5,776291
2000 août;2,047172;1,673128;1,040814;0,219471;4,980585;0,701102;0,074999;0,005845;0,006144;0,001284;0,254942;0,343214;6,024901
2000 septembre;1,889379;1,619087;1,001839;0,210428;4,720733;0,607662;0,060736;0,005128;0,005608;0,001134;0,240331;0,312937;5,641332
2000 octobre;1,967912;1,703539;1,044464;0,216987;4,932901;0,547207;0,058639;0,005455;0,005056;0,001404;0,270472;0,341025;5,821134
2000 novembre;1,916304;1,620662;1,014884;0,205295;4,757145;0,58894;0,065377;0,0056;0,004103;0,002808;0,261335;0,339223;5,685309
2000 décembre;1,779092;1,672867;1,052748;0,17904;4,683747;0,65991;0,067181;0,005909;0,003882;0,001309;0,254788;0,333069;5,676725
2001 janvier;2,027427;1,718742;1,042647;0,158296;4,947112;0,717508;0,064323;0,006104;0,003008;0,001328;0,228434;0,303197;5,967816
2001 février;1,819437;1,55142;0,938688;0,177122;4,486667;0,639868;0,059617;0,005386;0,003261;0,001471;0,202849;0,272585;5,39912
2001 mars;2,078637;1,731992;1,05728;0,207503;5,075413;0,648935;0,069868;0,00597;0,004542;0,001816;0,219649;0,301844;6,026193
2001 avril;1,890419;1,669797;1,020098;0,200579;4,780893;0,58484;0,06146;0,005584;0,00502;0,002336;0,213628;0,288028;5,65376
2001 mai;1,992608;1,72845;1,048131;0,216512;4,985702;0,642374;0,065427;0,005565;0,005672;0,002167;0,211506;0,290338;5,918414
2001 juin;1,948102;1,652404;1,003248;0,209019;4,812772;0,710365;0,070723;0,005559;0,005755;0,002285;0,21395;0,298272;5,82141
2001 juillet;1,878077;1,703006;1,033604;0,214957;4,829644;0,722301;0,061686;0,00593;0,006029;0,002167;0,221842;0,297654;5,849599
2001 août;2,087613;1,703102;1,02943;0,221322;5,041467;0,714192;0,064534;0,005892;0,005947;0,001969;0,225897;0,304239;6,059897
2001 septembre;1,876859;1,655456;0,993364;0,22279;4,74847;0,661861;0,052054;0,005734;0,00538;0,001673;0,214229;0,279069;5,6894
2001 octobre;2,111728;1,722819;1,033151;0,229276;5,096975;0,631394;0,05198;0,005873;0,004773;0,002071;0,227319;0,292015;6,020384
2001 novembre;1,988973;1,638493;1,023359;0,219259;4,870084;0,651034;0,052589;0,005796;0,003905;0,001605;0,219773;0,283668;5,804787
2001 décembre;1,847197;1,689887;1,058565;0,213898;4,809547;0,704181;0,06601;0,00597;0,003675;0,002101;0,225088;0,302843;5,816571
2002 janvier;2,120218;1,657746;1,056043;0,206499;5,040505;0,740608;0,074364;0,00641;0,002923;0,002769;0,228396;0,314861;6,095974
2002 février;1,875246;1,484414;0,95506;0,193967;4,508688;0,643836;0,068894;0,005685;0,003189;0,002436;0,198932;0,279136;5,431659
2002 mars;1,873873;1,65844;1,058271;0,214906;4,80549;0,65827;0,071682;0,006264;0,004435;0,002907;0,217568;0,302856;5,766617
2002 avril;1,865983;1,602625;1,016932;0,210549;4,696089;0,6102;0,082729;0,005755;0,004877;0,003495;0,212852;0,309709;5,615998
2002 mai;1,898776;1,667978;1,061729;0,218858;4,847341;0,658182;0,090973;0,006165;0,005408;0,003677;0,225155;0,331378;5,836901
2002 juin;1,772256;1,606889;1,023884;0,204562;4,607591;0,693055;0,096262;0,005878;0,005585;0,003843;0,215107;0,326674;5,627321
2002 juillet;1,794687;1,675723;1,033997;0,208668;4,713075;0,735334;0,086906;0,006323;0,005812;0,003038;0,235713;0,337792;5,786202
2002 août;1,915377;1,641757;1,042085;0,218942;4,818161;0,739061;0,071938;0,006203;0,005719;0,003332;0,2244;0,311593;5,868814
2002 septembre;1,918966;1,552695;0,941551;0,207629;4,620841;0,673308;0,0583;0,006029;0,005162;0,002511;0,230855;0,302858;5,597007
2002 octobre;1,965628;1,58903;0,963407;0,211876;4,729941;0,631668;0,058589;0,006231;0,004647;0,002506;0,243767;0,315739;5,677349
2002 novembre;1,836121;1,592929;0,978494;0,20683;4,614375;0,642395;0,067319;0,00601;0,003821;0,002238;0,230328;0,309716;5,566485
2002 décembre;1,895106;1,65183;1,028759;0,198918;4,774614;0,719511;0,073933;0,006235;0,003551;0,002577;0,242334;0,328629;5,822754
2003 janvier;1,913846;1,661814;1,03479;0,199394;4,809844;0,721318;0,070287;0,006618;0,002848;0,002158;0,237044;0,318956;5,850118
2003 février;1,696195;1,510863;0,939137;0,18568;4,331875;0,635136;0,067489;0,005959;0,003083;0,002543;0,212693;0,291767;5,258777
2003 mars;1,837564;1,709543;1,043462;0,196097;4,786667;0,624624;0,082578;0,006465;0,004334;0,003535;0,233288;0,330201;5,741493
2003 avril;1,841394;1,636894;0,996292;0,186726;4,661307;0,591715;0,084478;0,006232;0,004795;0,003729;0,228516;0,327749;5,580771
2003 mai;1,865279;1,671425;1,018293;0,177377;4,732374;0,648269;0,100297;0,006315;0,005298;0,003434;0,229756;0,345099;5,725742
2003 juin;1,825304;1,618573;0,98468;0,173696;4,602254;0,668892;0,097536;0,006424;0,005421;0,003573;0,228254;0,341209;5,612354
2003 juillet;1,826571;1,638714;0,98862;0,187033;4,640939;0,725921;0,084765;0,006517;0,005579;0,003253;0,242533;0,342647;5,709507
2003 août;1,84714;1,672011;1,002164;0,193217;4,714532;0,719367;0,078381;0,006488;0,005522;0,002782;0,239928;0,333101;5,767
2003 septembre;1,863978;1,610843;0,975968;0,193316;4,644104;0,662669;0,063055;0,006358;0,005034;0,003054;0,230968;0,30847;5,615243
2003 octobre;1,938176;1,665661;1,009315;0,206232;4,819384;0,625489;0,062878;0,006406;0,004535;0,003061;0,236938;0,313818;5,758691
2003 novembre;1,737725;1,592422;0,965101;0,201867;4,497115;0,621151;0,067268;0,00618;0,003669;0,00328;0,233698;0,314096;5,432362
2003 décembre;1,900479;1,644538;1,001747;0,195424;4,742188;0,715071;0,082039;0,006653;0,003452;0,00377;0,25116;0,347074;5,804333
2004 janvier;1,924511;1,636373;1,004168;0,203136;4,768187;0,738367;0,078419;0,006942;0,002809;0,00341;0,255574;0,347154;5,853708
2004 février;1,782467;1,516224;0,937179;0,18965;4,425521;0,668455;0,071357;0,006504;0,003019;0,003486;0,236689;0,321055;5,41503
2004 mars;1,95181;1,646905;1,009868;0,206023;4,814606;0,659937;0,078184;0,006758;0,004289;0,004406;0,248532;0,342168;5,816711
2004 avril;1,887051;1,592221;0,967498;0,194479;4,641249;0,611292;0,07127;0,006405;0,004722;0,004418;0,247253;0,334068;5,586609
2004 mai;1,793792;1,616643;0,998961;0,200685;4,61008;0,676959;0,081955;0,006644;0,005278;0,005806;0,244383;0,344066;5,631105
2004 juin;1,950629;1,582328;0,940807;0,189545;4,663308;0,706331;0,086161;0,006621;0,005343;0,004767;0,244075;0,346968;5,716607
2004 juillet;1,898328;1,630599;0,986065;0,204209;4,7192;0,750556;0,079562;0,006883;0,005575;0,003973;0,257042;0,353034;5,82279
2004 août;1,957711;1,616529;0,957415;0,210026;4,741681;0,741102;0,073672;0,006813;0,005488;0,003585;0,254446;0,344004;5,826788
2004 septembre;1,922932;1,515167;0,884177;0,196039;4,518315;0,687539;0,070032;0,006497;0,004986;0,003718;0,243019;0,328252;5,534106
2004 octobre;1,904518;1,583623;0,929566;0,205187;4,622894;0,652067;0,06436;0,006879;0,00447;0,003511;0,25352;0,332739;5,607699
2004 novembre;1,904575;1,547754;0,943656;0,203754;4,599739;0,614635;0,071437;0,006578;0,003625;0,003181;0,247286;0,332106;5,54648
2004 décembre;1,973776;1,589889;0,990726;0,204849;4,759239;0,715534;0,089431;0,00681;0,003418;0,003999;0,264199;0,367856;5,842629
2005 janvier;1,919432;1,600675;0,97922;0,204343;4,703669;0,728728;0,082817;0,007143;0,002742;0,003861;0,264707;0,361269;5,793666
2005 février;1,842525;1,468906;0,893421;0,190329;4,395181;0,636042;0,073722;0,00622;0,002968;0,003298;0,247271;0,333479;5,364702
2005 mars;2,092335;1,654265;1,00703;0,21108;4,964711;0,642216;0,078258;0,00698;0,004158;0,005325;0,260043;0,354763;5,96169
2005 avril;1,909338;1,582958;0,967932;0,200858;4,661086;0,579031;0,078675;0,006829;0,004638;0,005792;0,246929;0,342863;5,582979
2005 mai;1,847085;1,61969;1,006247;0,208508;4,681531;0,65716;0,093074;0,007185;0,005178;0,005959;0,25579;0,367186;5,705876
2005 juin;1,953824;1,580144;0,946925;0,194826;4,675718;0,690282;0,091384;0,007036;0,005247;0,006131;0,252466;0,362264;5,728264
2005 juillet;1,884861;1,59552;0,944551;0,197143;4,622076;0,741687;0,088565;0,007213;0,005438;0,004848;0,266332;0,372396;5,736159
2005 août;2,006343;1,587664;0,934685;0,194469;4,723162;0,744938;0,073582;0,007149;0,005396;0,003883;0,266097;0,356107;5,824207
2005 septembre;1,960229;1,373475;0,733218;0,162757;4,229679;0,696488;0,059245;0,00695;0,004894;0,00501;0,255348;0,331447;5,257614
2005 octobre;1,919308;1,446691;0,818957;0,174177;4,359133;0,639055;0,061438;0,007126;0,004399;0,004934;0,261121;0,339018;5,337206
2005 novembre;1,94436;1,484716;0,845109;0,176934;4,451119;0,656557;0,066031;0,006939;0,003547;0,005492;0,256532;0,338541;5,446217
2005 décembre;1,905549;1,561311;0,896857;0,164521;4,528238;0,748627;0,075546;0,007159;0,003335;0,006237;0,26855;0,360826;5,63769
2006 janvier;2,018427;1,578799;0,907582;0,188891;4,693698;0,750397;0,093614;0,007312;0,002881;0,00813;0,276647;0,388583;5,832678
2006 février;1,82171;1,42198;0,817186;0,170625;4,2315;0,653394;0,084487;0,006605;0,003124;0,006558;0,247274;0,348049;5,232944
2006 mars;2,076033;1,598775;0,903885;0,191151;4,769844;0,664927;0,084019;0,007421;0,004327;0,008048;0,265069;0,368883;5,803654
2006 avril;1,95157;1,539153;0,884208;0,188771;4,563702;0,600714;0,097432;0,006869;0,004821;0,008434;0,250384;0,36794;5,532355
2006 mai;2,040178;1,599515;0,926071;0,197033;4,762797;0,655064;0,105153;0,006855;0,005368;0,008389;0,261125;0,38689;5,804751
2006 juin;1,987844;1,581799;0,898327;0,190763;4,658733;0,713665;0,101532;0,007108;0,00541;0,007001;0,26196;0,383011;5,755409
2006 juillet;1,945013;1,617326;0,915932;0,197537;4,675808;0,753266;0,086799;0,007421;0,00564;0,006671;0,274809;0,38134;5,810414
2006 août;2,060571;1,622932;0,906143;0,194527;4,784173;0,751488;0,074137;0,007515;0,005657;0,005647;0,277063;0,370019;5,90568
2006 septembre;1,925842;1,585112;0,875368;0,193024;4,579345;0,695413;0,058691;0,007177;0,005085;0,006412;0,267952;0,345317;5,620075
2006 octobre;2,021456;1,641899;0,918447;0,199105;4,780906;0,60011;0,058192;0,007468;0,004577;0,008333;0,27512;0,35369;5,734705
2006 novembre;1,974799;1,583034;0,881172;0,192314;4,631319;0,640629;0,069167;0,007136;0,003718;0,008668;0,270475;0,359164;5,631113
2006 décembre;1,966068;1,651383;0,932455;0,194976;4,744882;0,73556;0,073685;0,007519;0,003487;0,008433;0,283636;0,376761;5,857202
2007 janvier;2,041411;1,618912;0,918384;0,187589;4,766295;0,776251;0,088865;0,007911;0,003016;0,008367;0,290845;0,399004;5,94155
2007 février;1,814267;1,482726;0,831147;0,172803;4,300942;0,684143;0,063349;0,006983;0,003269;0,008598;0,261666;0,343865;5,32895
2007 mars;2,001861;1,6685;0,920442;0,198657;4,78946;0,674497;0,082446;0,007599;0,004579;0,010397;0,285146;0,390167;5,854124
2007 avril;1,906797;1,59364;0,90136;0,190036;4,591832;0,601035;0,081515;0,007329;0,005051;0,010822;0,278386;0,383102;5,575969
2007 mai;1,986306;1,687569;0,936977;0,200556;4,811407;0,682043;0,088872;0,007431;0,005658;0,010073;0,28601;0,398044;5,891494
2007 juin;1,958718;1,632624;0,883075;0,192753;4,66717;0,722934;0,07785;0,007603;0,005707;0,008941;0,281995;0,382096;5,772201
2007 juillet;1,906797;1,668648;0,905818;0,199715;4,680978;0,762954;0,076694;0,007757;0,005981;0,007364;0,295653;0,39345;5,837382
2007 août;2,062217;1,677989;0,893549;0,197845;4,831601;0,763084;0,068037;0,007771;0,005886;0,00921;0,295523;0,386428;5,981113
2007 septembre;1,89364;1,640735;0,852954;0,194153;4,581483;0,708832;0,050302;0,007533;0,005367;0,009781;0,287603;0,360587;5,650901
2007 octobre;2,024921;1,698173;0,902944;0,205901;4,831938;0,647062;0,050485;0,007805;0,004848;0,011521;0,299416;0,374075;5,853075
2007 novembre;1,985916;1,677541;0,875919;0,204147;4,743522;0,680729;0,053507;0,00751;0,003922;0,01056;0,297828;0,373327;5,797578
2007 décembre;1,909892;1,739153;0,918877;0,204562;4,772485;0,755027;0,062582;0,00781;0,003662;0,011909;0,312007;0,39797;5,925481
2008 janvier;2,00802;1,731231;0,919684;0,200649;4,859584;0,739318;0,070898;0,008038;0,003206;0,01458;0,331138;0,42786;6,026762
2008 février;1,903753;1,633804;0,865923;0,193385;4,596865;0,680743;0,064108;0,007368;0,003518;0,013142;0,300535;0,388671;5,666278
2008 mars;1,970498;1,7691;0,933035;0,210057;4,88269;0,676417;0,073934;0,008181;0,004933;0,016316;0,321487;0,424851;5,983958
2008 avril;1,979137;1,706502;0,901339;0,204372;4,79135;0,599242;0,075862;0,007943;0,005478;0,017829;0,314073;0,421184;5,811775
2008 mai;1,968859;1,763072;0,924737;0,211195;4,867863;0,67756;0,092879;0,008209;0,006029;0,018221;0,324185;0,449522;5,994945
2008 juin;1,839216;1,726868;0,893969;0,199099;4,659152;0,734978;0,099553;0,008087;0,006181;0,017539;0,313335;0,444695;5,838825
2008 juillet;2,018959;1,816817;0,930788;0,208477;4,975041;0,776775;0,087194;0,008276;0,006408;0,013677;0,330507;0,446062;6,197878
2008 août;2,04416;1,790995;0,899535;0,203298;4,937988;0,758994;0,072434;0,008256;0,006326;0,011138;0,333607;0,431761;6,128743
2008 septembre;2,021775;1,528812;0,691404;0,164159;4,40615;0,700847;0,0552;0,007996;0,005758;0,010616;0,31884;0,398411;5,505408
2008 octobre;2,123379;1,720253;0,851837;0,195933;4,891401;0,656598;0,052783;0,00827;0,005166;0,016229;0,330125;0,412573;5,960572
2008 novembre;1,941916;1,723872;0,883589;0,188654;4,738032;0,662742;0,053459;0,007995;0,004167;0,017038;0,327317;0,409976;5,81075
2008 décembre;2,031694;1,791558;0,917464;0,180021;4,920737;0,762278;0,071179;0,008216;0,003926;0,022573;0,323102;0,428996;6,112011
2009 janvier;1,952209;1,82653;0,92491;0,190838;4,894487;0,775038;0,080149;0,008958;0,003247;0,020304;0,318353;0,431011;6,100536
2009 février;1,801639;1,664873;0,850851;0,183714;4,501076;0,671752;0,060775;0,008104;0,003578;0,019968;0,294389;0,386812;5,559641
2009 mars;1,93123;1,831011;0,938301;0,210882;4,911425;0,703269;0,074475;0,008998;0,005053;0,024222;0,319356;0,432104;6,046797
2009 avril;1,790664;1,741348;0,918393;0,20378;4,654185;0,621353;0,087927;0,008584;0,005614;0,025446;0,303489;0,431059;5,706596
2009 mai;1,714439;1,80003;0,966769;0,217938;4,699176;0,683971;0,100858;0,008775;0,0062;0,021366;0,319032;0,456231;5,839378
2009 juin;1,784376;1,749901;0,91686;0,20795;4,659088;0,729356;0,099744;0,008538;0,006229;0,019105;0,321739;0,455356;5,843799
2009 juillet;1,828638;1,784865;0,970551;0,212804;4,796858;0,762973;0,079789;0,008844;0,006582;0,016906;0,343841;0,455962;6,015794
2009 août;1,817378;1,79901;0,974079;0,214121;4,804587;0,755606;0,066808;0,00883;0,006501;0,018645;0,348551;0,449335;6,009528
2009 septembre;1,77387;1,69325;0,967236;0,211821;4,646178;0,687698;0,059228;0,008565;0,005892;0,015868;0,332374;0,421927;5,755803
2009 octobre;1,770583;1,772283;0,993294;0,220413;4,756574;0,606841;0,067186;0,008727;0,005307;0,023248;0,346472;0,45094;5,814354
2009 novembre;1,722179;1,716238;0,93866;0,215445;4,592522;0,617805;0,071678;0,008758;0,0043;0,023458;0,348333;0,456527;5,666854
2009 décembre;1,736516;1,760112;0,98022;0,218546;4,695395;0,739558;0,084378;0,009228;0,004023;0,023563;0,360689;0,481882;5,916834
2010 janvier;1,743242;1,77719;0,971666;0,223423;4,715521;0,758495;0,076371;0,009529;0,003485;0,023387;0,377071;0,489844;5,96386
2010 février;1,686981;1,639552;0,901875;0,204401;4,432809;0,681945;0,070252;0,008519;0,003833;0,018533;0,347952;0,44909;5,563844
2010 mars;1,96911;1,816526;0,991662;0,229944;5,007242;0,675562;0,071262;0,009512;0,005386;0,029306;0,384094;0,49956;6,182364
2010 avril;1,847733;1,766638;0,938261;0,220908;4,77354;0,602151;0,065158;0,009122;0,006033;0,033316;0,368922;0,482552;5,858242
2010 mai;1,736406;1,837918;0,971075;0,231566;4,776965;0,696713;0,08557;0,009525;0,00676;0,029676;0,376012;0,507544;5,981223
2010 juin;1,80233;1,756096;0,936033;0,219329;4,713787;0,713885;0,101861;0,009202;0,006895;0,027463;0,372328;0,51775;5,945422
2010 juillet;1,846825;1,847277;0,952557;0,220808;4,867467;0,75164;0,083651;0,009399;0,007158;0,022942;0,385443;0,508593;6,1277
2010 août;1,898224;1,868626;0,979431;0,229358;4,975638;0,748093;0,068647;0,009478;0,007072;0,022812;0,389064;0,497073;6,220804
2010 septembre;1,896539;1,813135;0,977143;0,225478;4,912295;0,725068;0,058909;0,009164;0,006433;0,024244;0,377355;0,476105;6,113467
2010 octobre;1,864243;1,905763;1,012374;0,235346;5,017727;0,655872;0,060334;0,009223;0,005693;0,027104;0,386771;0,489125;6,162724
2010 novembre;1,860411;1,843941;0,970176;0,228958;4,903486;0,654872;0,066744;0,009163;0,004721;0,033259;0,386602;0,500488;6,058847
2010 décembre;1,886182;1,933102;1,008219;0,235311;5,062813;0,770138;0,079053;0,009591;0,004384;0,03091;0,400917;0,524855;6,357806
2011 janvier;1,853793;1,901499;0,98828;0,234207;4,977779;0,761181;0,087112;0,009989;0,003924;0,029174;0,40071;0,530909;6,269868
2011 février;1,735779;1,683567;0,877856;0,200946;4,498148;0,677953;0,082336;0,009017;0,004374;0,035661;0,359327;0,490715;5,666816
2011 mars;1,957742;1,949824;1,010118;0,243078;5,160762;0,687083;0,106231;0,009957;0,006043;0,035978;0,394959;0,553169;6,401014
2011 avril;1,795399;1,909401;0,967774;0,234367;4,906942;0,570783;0,106435;0,009447;0,00676;0,042383;0,373481;0,538506;6,016231
2011 mai;1,759893;1,977417;1,011307;0,247405;4,996022;0,596583;0,111187;0,009889;0,007496;0,040167;0,385273;0,554011;6,146616
2011 juin;1,803665;1,903175;0,972502;0,234525;4,913867;0,682987;0,1097;0,009363;0,007667;0,037481;0,389673;0,553885;6,150738
2011 juillet;1,736037;1,979461;0,978085;0,244372;4,937955;0,757017;0,106743;0,009723;0,007903;0,025551;0,399454;0,549374;6,244346
2011 août;1,937155;2,002658;1,018583;0,246705;5,205101;0,746487;0,087905;0,009742;0,007958;0,0255;0,402931;0,534036;6,485624
2011 septembre;1,906585;1,934998;0,976786;0,232663;5,051033;0,699506;0,07294;0,009401;0,007178;0,023437;0,387218;0,500175;6,250714
2011 octobre;1,918798;2,063146;1,061269;0,256206;5,299419;0,662758;0,067515;0,009763;0,006507;0,035913;0,397994;0,517691;6,479867
2011 novembre;1,908689;2,021681;1,050709;0,254369;5,235448;0,674655;0,070562;0,009557;0,005259;0,04244;0,400892;0,52871;6,438812
2011 décembre;1,907872;2,078892;1,099026;0,261233;5,347022;0,751706;0,080973;0,009912;0,005056;0,036358;0,420525;0,552823;6,651552
2012 janvier;1,935219;2,095379;1,11054;0,265171;5,406309;0,758482;0,078842;0,009689;0,004607;0,046508;0,399385;0,53903;6,703821
2012 février;1,747442;1,921858;1,054343;0,249797;4,97344;0,669053;0,069209;0,009103;0,005077;0,037708;0,373028;0,494125;6,136618
2012 mars;1,745396;2,062279;1,137603;0,265264;5,210542;0,646854;0,088393;0,009763;0,007148;0,047861;0,388074;0,541241;6,398637
2012 avril;1,574811;1,990079;1,099683;0,256058;4,920631;0,585471;0,08972;0,009464;0,008096;0,043363;0,368981;0,519625;6,025727
2012 mai;1,662201;2,064882;1,145243;0,266212;5,138538;0,650551;0,097724;0,009828;0,009316;0,042788;0,387318;0,546973;6,336062
2012 juin;1,664598;1,985593;1,091922;0,251673;4,993785;0,682603;0,090956;0,009564;0,009605;0,040849;0,377793;0,528767;6,205155
2012 juillet;1,757181;2,104807;1,156337;0,258781;5,277106;0,724406;0,090387;0,009884;0,009934;0,030104;0,379862;0,520173;6,521685
2012 août;1,847841;2,094448;1,14183;0,263718;5,347837;0,729361;0,078591;0,009827;0,009685;0,028898;0,386269;0,513269;6,590466
2012 septembre;1,664173;2,038525;1,148061;0,265003;5,115761;0,67601;0,060065;0,00964;0,00896;0,029991;0,366955;0,475611;6,267381
2012 octobre;1,732287;2,111027;1,25313;0,278823;5,375267;0,626049;0,056304;0,009913;0,008214;0,043114;0,373975;0,49152;6,492836
2012 novembre;1,713614;2,045867;1,232335;0,272968;5,264784;0,594293;0,063918;0,009801;0,006715;0,039745;0,368902;0,489081;6,348158
2012 décembre;1,632131;2,095322;1,277633;0,268659;5,273745;0,718688;0,078423;0,010122;0,006439;0,049554;0,383017;0,527555;6,519989
2013 janvier;1,680934;2,077633;1,273505;0,267606;5,299677;0,746119;0,084715;0,010108;0,005869;0,050288;0,391713;0,542692;6,588489
2013 février;1,576395;1,88204;1,160409;0,252981;4,871826;0,64244;0,069668;0,009089;0,006663;0,048026;0,354251;0,487697;6,001963
2013 mars;1,719755;2,078076;1,297136;0,279509;5,374476;0,657737;0,070063;0,010096;0,00926;0,053758;0,397835;0,541012;6,573226
2013 avril;1,600497;2,037004;1,282991;0,273612;5,194105;0,593157;0,085631;0,009567;0,010151;0,059629;0,386469;0,551448;6,33871
2013 mai;1,691585;2,097713;1,317188;0,287587;5,394072;0,6567;0,097072;0,009855;0,011264;0,055406;0,404782;0,578378;6,629151
2013 juin;1,646245;2,027056;1,266222;0,2767;5,216223;0,694124;0,093434;0,009581;0,011745;0,046909;0,401893;0,563561;6,473908
2013 juillet;1,718042;2,135986;1,352412;0,294566;5,501006;0,737064;0,092993;0,009955;0,012038;0,037851;0,419452;0,572289;6,810359
2013 août;1,830669;2,131389;1,354662;0,305446;5,622166;0,745477;0,073813;0,009905;0,012336;0,032871;0,413684;0,54261;6,910253
2013 septembre;1,680957;2,057272;1,363826;0,303874;5,405929;0,687533;0,057871;0,009652;0,011551;0,039832;0,395313;0,514219;6,607681
2013 octobre;1,634911;2,132286;1,39529;0,311223;5,473711;0,660205;0,058682;0,010045;0,010946;0,046523;0,417493;0,543689;6,677604
2013 novembre;1,634865;2,08464;1,377876;0,299055;5,396436;0,678929;0,060313;0,009418;0,009028;0,053921;0,415796;0,548475;6,623839
2013 décembre;1,586449;2,117978;1,426243;0,299226;5,429896;0,744947;0,07209;0,010053;0,0088;0,047656;0,436115;0,574712;6,749555
2014 janvier;1,685726;2,13645;1,452259;0,304158;5,578594;0,765208;0,073815;0,010016;0,008157;0,061113;0,421219;0,574319;6,918121
2014 février;1,529087;1,975393;1,322111;0,276221;5,102813;0,655141;0,059356;0,008987;0,008799;0,047798;0,382387;0,507326;6,265279
2014 mars;1,764017;2,202854;1,491697;0,319272;5,77784;0,652611;0,082765;0,009957;0,012624;0,060515;0,423831;0,589693;7,020144
2014 avril;1,68223;2,183946;1,483589;0,322162;5,671926;0,589726;0,086801;0,009701;0,013934;0,063584;0,409123;0,583144;6,844796
2014 mai;1,698744;2,244558;1,55438;0,333504;5,831186;0,658367;0,090568;0,009939;0,015758;0,053232;0,42028;0,589777;7,079331
2014 juin;1,605018;2,183368;1,521059;0,337868;5,647313;0,712658;0,087838;0,009632;0,016428;0,053906;0,422985;0,590788;6,950759
2014 juillet;1,714165;2,304121;1,590537;0,351475;5,960297;0,752422;0,083107;0,009896;0,016395;0,041583;0,437716;0,588697;7,301416
2014 août;1,772364;2,316668;1,605815;0,354525;6,049373;0,743936;0,067582;0,009928;0,016624;0,034702;0,431265;0,560101;7,35341
2014 septembre;1,695648;2,241143;1,580997;0,348869;5,866657;0,706343;0,054846;0,00968;0,015631;0,039305;0,41132;0,530782;7,103782
2014 octobre;1,729916;2,338819;1,665793;0,360673;6,095201;0,652547;0,058547;0,009983;0,014507;0,049501;0,424919;0,557457;7,305205
2014 novembre;1,658196;2,24889;1,622393;0,340194;5,869673;0,681301;0,063548;0,009868;0,011805;0,064374;0,420082;0,569677;7,120652
2014 décembre;1,750595;2,341863;1,719501;0,356163;6,168121;0,767299;0,076186;0,010085;0,010387;0,050195;0,446975;0,593827;7,529248
2015 janvier;1,733824;2,361033;1,662878;0,347447;6,105182;0,776715;0,08236;0,01004;0,009815;0,051733;0,427054;0,581002;7,462899
2015 février;1,447888;2,143142;1,51906;0,324809;5,434899;0,66368;0,07604;0,009171;0,01148;0,050912;0,385885;0,533488;6,632067
2015 mars;1,628444;2,383242;1,69833;0,368147;6,078163;0,67503;0,082846;0,010149;0,015989;0,052231;0,418601;0,579817;7,333011
2015 avril;1,501834;2,339657;1,656381;0,371523;5,869395;0,625226;0,076671;0,009561;0,018058;0,060963;0,404645;0,569898;7,064519
2015 mai;1,408558;2,382846;1,678992;0,379514;5,84991;0,688414;0,068668;0,010136;0,01951;0,05852;0,422303;0,579138;7,117461
2015 juin;1,340692;2,300615;1,604824;0,365297;5,611427;0,716542;0,069653;0,00966;0,019804;0,045793;0,419763;0,564673;6,892642
2015 juillet;1,530531;2,384835;1,673828;0,381602;5,970795;0,746829;0,071701;0,010022;0,02066;0,046661;0,435439;0,584483;7,302107
2015 août;1,653553;2,387549;1,667535;0,388844;6,097481;0,75732;0,065245;0,009979;0,02072;0,044629;0,432205;0,572778;7,427579
2015 septembre;1,555345;2,325114;1,625408;0,378314;5,884182;0,69521;0,054913;0,009323;0,018026;0,047671;0,410191;0,540124;7,119516
2015 octobre;1,510434;2,385117;1,665823;0,39678;5,958155;0,633451;0,056743;0,009907;0,015938;0,055889;0,41869;0,557167;7,148773
2015 novembre;1,372933;2,298489;1,600546;0,38504;5,657007;0,63024;0,065981;0,00977;0,013628;0,067154;0,419255;0,575787;6,863035
2015 décembre;1,26206;2,375243;1,643704;0,388676;5,669683;0,728229;0,079041;0,010091;0,012547;0,068576;0,437317;0,607572;7,005483
2016 janvier;1,222366;2,364713;1,632113;0,376595;5,595786;0,758537;0,087397;0,009923;0,011728;0,063007;0,427949;0,600004;6,954327
2016 février;1,155989;2,243482;1,503476;0,354886;5,257833;0,686509;0,082362;0,009274;0,015428;0,068712;0,406692;0,582468;6,526811
2016 mars;1,114686;2,371122;1,614213;0,400344;5,500365;0,691851;0,093454;0,009866;0,019297;0,074857;0,429456;0,626931;6,819147
2016 avril;0,970598;2,293033;1,52316;0,389031;5,175823;0,656112;0,088296;0,00933;0,021401;0,070967;0,400491;0,590484;6,422419
2016 mai;1,069358;2,342478;1,566969;0,413402;5,392206;0,696324;0,08696;0,009957;0,024459;0,064309;0,424186;0,60987;6,6984
2016 juin;1,19839;2,245198;1,489229;0,399059;5,331875;0,702587;0,079284;0,009475;0,024955;0,055627;0,42512;0,594461;6,628923
2016 juillet;1,246326;2,33902;1,536368;0,405763;5,527478;0,735784;0,073206;0,009852;0,027056;0,060114;0,434897;0,605124;6,868386
2016 août;1,375601;2,320472;1,541289;0,383975;5,621337;0,748095;0,066771;0,009897;0,026741;0,046367;0,442383;0,592159;6,961591
2016 septembre;1,308702;2,230743;1,466504;0,373442;5,379391;0,684522;0,055847;0,009732;0,024199;0,055969;0,41725;0,562996;6,62691
2016 octobre;1,379141;2,296068;1,561487;0,399062;5,635759;0,63521;0,05916;0,009995;0,021438;0,069384;0,425218;0,585197;6,856166
2016 novembre;1,34956;2,240543;1,528197;0,391795;5,510095;0,681705;0,064174;0,009858;0,017985;0,066212;0,428755;0,586984;6,778784
2016 décembre;1,276371;2,289151;1,563658;0,37743;5,50661;0,749517;0,076865;0,010339;0,016202;0,078973;0,46936;0,651738;6,907866
2017 janvier;1,38174;2,266195;1,574385;0,380149;5,602469;0,764768;0,090854;0,010194;0,015555;0,070965;0,440361;0,627929;6,995166
2017 février;1,29987;2,075515;1,457239;0,367405;5,20003;0,664778;0,081485;0,009098;0,017857;0,075375;0,397221;0,581036;6,445844
2017 mars;1,299466;2,349859;1,625803;0,412646;5,687775;0,68081;0,10104;0,010126;0,027472;0,087793;0,438279;0,664711;7,033295
2017 avril;1,183991;2,276851;1,562558;0,399007;5,422407;0,593479;0,100345;0,009795;0,030175;0,08659;0,408991;0,635896;6,651781
2017 mai;1,251819;2,352708;1,6296;0,422257;5,656383;0,64127;0,111255;0,009835;0,034567;0,078707;0,427713;0,662077;6,95973
2017 juin;1,335118;2,298884;1,564087;0,412559;5,610648;0,700866;0,104323;0,009599;0,036083;0,068724;0,424376;0,643105;6,954619
2017 juillet;1,271276;2,400012;1,6404;0,427968;5,739657;0,745875;0,090753;0,010077;0,034635;0,055001;0,435876;0,626343;7,111875
2017 août;1,423715;2,398663;1,641025;0,421408;5,884812;0,757067;0,07518;0,010044;0,033492;0,047355;0,446874;0,612943;7,254822
2017 septembre;1,268566;2,361885;1,633794;0,404295;5,668539;0,712236;0,065346;0,009762;0,030881;0,061115;0,417527;0,584631;6,965406
2017 octobre;1,336215;2,483981;1,715206;0,450099;5,9855;0,690239;0,060386;0,009536;0,028042;0,083146;0,434336;0,615446;7,291186
2017 novembre;1,296157;2,478669;1,731449;0,44489;5,951165;0,696756;0,067859;0,009671;0,020501;0,077162;0,439367;0,61456;7,262481
2017 décembre;1,277444;2,546113;1,771064;0,444413;6,039033;0,770824;0,07591;0,010105;0,019362;0,075749;0,454794;0,635919;7,445776
2018 janvier;1,26179;2,528942;1,768911;0,428916;5,988559;0,780456;0,085519;0,00997;0,020417;0,087343;0,449901;0,65315;7,422164
2018 février;1,225395;2,331937;1,639546;0,408275;5,605154;0,67738;0,084967;0,009218;0,023213;0,079123;0,413516;0,610036;6,892569
2018 mars;1,331935;2,611912;1,851273;0,467577;6,262696;0,700826;0,088236;0,010057;0,030918;0,090294;0,449807;0,669313;7,632836
2018 avril;1,178256;2,523365;1,797254;0,461706;5,96058;0,618237;0,095929;0,009272;0,036049;0,090182;0,42582;0,657253;7,23607
2018 mai;1,240866;2,637459;1,845679;0,484455;6,208458;0,703833;0,103876;0,010111;0,040277;0,081728;0,445435;0,681427;7,593718
2018 juin;1,250636;2,565296;1,821328;0,467189;6,104449;0,728583;0,094163;0,009654;0,042476;0,084286;0,438894;0,669472;7,502505
2018 juillet;1,280021;2,7036;1,927433;0,495565;6,40662;0,757528;0,08564;0,010066;0,040715;0,056116;0,456125;0,648661;7,812808
2018 août;1,408438;2,758128;2,014955;0,512256;6,693777;0,755713;0,075122;0,010058;0,039785;0,067716;0,459996;0,652676;8,102166
2018 septembre;1,268098;2,712942;1,958747;0,499684;6,43947;0,676697;0,065393;0,00975;0,035355;0,063189;0,427721;0,601408;7,717575
2018 octobre;1,349545;2,838922;2,035592;0,510705;6,734764;0,620995;0,066698;0,009737;0,030386;0,072314;0,449554;0,62869;7,984449
2018 novembre;1,277745;2,795311;2,03453;0,49154;6,599126;0,668643;0,074766;0,00976;0,023468;0,075118;0,440785;0,623898;7,891666
2018 décembre;1,290718;2,874334;2,112659;0,499106;6,776817;0,749177;0,077784;0,010327;0,020576;0,082933;0,456593;0,648213;8,174206
2019 janvier;1,331434;2,872009;2,096953;0,509222;6,809618;0,769584;0,08461;0,010136;0,022249;0,082917;0,445618;0,64553;8,224732
2019 février;1,17887;2,611746;1,858934;0,475969;6,125518;0,675753;0,078068;0,009282;0,023942;0,077189;0,405314;0,593795;7,395067
2019 mars;1,126072;2,904813;2,103916;0,528837;6,663638;0,679562;0,089852;0,010247;0,03549;0,087936;0,434186;0,657711;8,00091
2019 avril;1,234392;2,824716;2,07599;0,518351;6,653449;0,632586;0,094922;0,009498;0,040146;0,098659;0,423416;0,666642;7,952677
2019 mai;1,247969;2,941149;2,146696;0,541173;6,876986;0,700904;0,109123;0,009971;0,043146;0,087959;0,44047;0,690669;8,268559
2019 juin;1,145178;2,854124;2,088216;0,518834;6,606352;0,718461;0,095801;0,009751;0,046198;0,076586;0,433492;0,661828;7,986641
2019 juillet;1,19111;2,965529;2,10135;0,526359;6,784347;0,753898;0,084875;0,010086;0,047572;0,075408;0,449754;0,667695;8,20594
2019 août;1,286097;3,037634;2,204296;0,532905;7,060933;0,750891;0,077038;0,010147;0,045914;0,068165;0,447086;0,64835;8,460174
2019 septembre;1,179775;2,950891;2,151114;0,539914;6,821693;0,689836;0,06321;0,009885;0,040157;0,08364;0,416911;0,613803;8,125332
2019 octobre;1,162274;3,076025;2,261768;0,561574;7,061641;0,647745;0,062459;0,009286;0,035724;0,094255;0,43254;0,634265;8,343651
2019 novembre;1,097776;3,025607;2,222159;0,540455;6,885996;0,669598;0,068982;0,008575;0,026634;0,085929;0,431235;0,621355;8,176949
2019 décembre;1,074815;3,122941;2,292825;0,558136;7,048719;0,763034;0,073284;0,009429;0,022573;0,090909;0,45498;0,651174;8,462927
2020 janvier;1,112285;3,130136;2,267031;0,579835;7,089287;0,774776;0,083587;0,009294;0,026741;0,09595;0,433538;0,64911;8,513173
2020 février;0,948518;2,871921;2,11984;0,526407;6,466685;0,688502;0,088262;0,009229;0,032049;0,099325;0,40402;0,632884;7,788071
2020 mars;0,921015;3,062056;2,257345;0,585081;6,825497;0,668515;0,081284;0,010378;0,038731;0,100039;0,411929;0,642361;8,136373
2020 avril;0,786817;2,956219;2,033493;0,531865;6,308394;0,61809;0,079139;0,00991;0,046045;0,101515;0,324772;0,56138;7,487864
2020 mai;0,744336;2,824609;1,713748;0,528563;5,811256;0,672074;0,102279;0,010026;0,054208;0,096824;0,355693;0,61903;7,10236
2020 juin;0,790875;2,812374;1,783525;0,559933;5,946707;0,702024;0,095534;0,009552;0,054219;0,103085;0,375486;0,637875;7,286606
2020 juillet;0,864182;2,904261;1,941272;0,597857;6,307573;0,7248;0,091243;0,009921;0,058159;0,078019;0,396389;0,633731;7,666103
2020 août;0,950311;2,905856;1,866299;0,596061;6,318527;0,720588;0,079443;0,009893;0,052712;0,078576;0,398732;0,619356;7,658471
2020 septembre;0,90264;2,840128;1,865423;0,572131;6,180322;0,686588;0,063732;0,0096;0,044933;0,079111;0,386923;0,584297;7,451207
2020 octobre;0,899359;2,88383;1,844606;0,590024;6,21782;0,6201;0,064181;0,009772;0,040674;0,098343;0,39978;0,612749;7,45067
2020 novembre;0,885951;2,877658;1,911518;0,573601;6,248728;0,645145;0,071286;0,009978;0,033068;0,113038;0,403366;0,630734;7,524607
2020 décembre;0,896925;2,993091;1,970888;0,563404;6,424309;0,729872;0,073385;0,010165;0,029778;0,10922;0,419147;0,641695;7,795876
2021 janvier;0,974496;2,97824;1,964518;0,57982;6,497074;0,748098;0,083799;0,009988;0,032034;0,102566;0,409;0,637388;7,882559
2021 février;0,821406;2,490734;1,579807;0,4263;5,318246;0,656549;0,068706;0,009263;0,035565;0,091153;0,348243;0,55293;6,527725
2021 mars;1,020715;3,007476;2,002227;0,572119;6,602537;0,664413;0,072404;0,00963;0,051477;0,133768;0,41078;0,678059;7,94501
2021 avril;0,907186;2,933245;1,931981;0,589102;6,361514;0,595413;0,066155;0,009613;0,059068;0,12337;0,393027;0,651233;7,608159
2021 mai;0,975356;3,028591;2,009038;0,61087;6,623855;0,661137;0,07953;0,009947;0,066559;0,11528;0,41821;0,689525;7,974517
2021 juin;0,978963;2,920396;1,940163;0,593156;6,432679;0,689048;0,080025;0,009577;0,065882;0,091003;0,41036;0,656848;7,778574
2021 juillet;0,974398;3,046258;2,00951;0,611436;6,641602;0,717845;0,075397;0,010002;0,066269;0,074093;0,425507;0,651269;8,010716
2021 août;1,005243;3,055284;1,989032;0,621926;6,671486;0,724517;0,06936;0,009955;0,064229;0,092367;0,412988;0,648898;8,0449
2021 septembre;0,998663;2,976799;1,864286;0,599186;6,438934;0,672879;0,05808;0,009802;0,059026;0,098941;0,394918;0,620767;7,73258
2021 octobre;0,982232;3,12487;2,039735;0,635803;6,782641;0,609065;0,058458;0,009893;0,049778;0,109918;0,422097;0,650143;8,041849
2021 novembre;0,980482;3,058198;2,011178;0,620868;6,670726;0,654413;0,066102;0,009879;0,042082;0,121983;0,423575;0,66362;7,988759
2021 décembre;0,977143;3,186768;2,059907;0,638019;6,861837;0,737537;0,080393;0,010458;0,034895;0,135965;0,444912;0,706622;8,305997
2022 janvier;1,012182;3,090308;2,022781;0,610463;6,735734;0,737387;0,082562;0,010409;0,041808;0,127664;0,435124;0,697568;8,170689
2022 février;0,970305;2,783895;1,791715;0,551948;6,097863;0,646232;0,072746;0,009112;0,047446;0,128443;0,394151;0,651899;7,395993
2022 mars;1,043572;3,135381;2,08027;0,65967;6,918892;0,65983;0,083377;0,009782;0,062806;0,14682;0,430403;0,733189;8,311911
2022 avril;0,939908;3,055875;2,006993;0,63463;6,637407;0,577665;0,068465;0,009594;0,071072;0,157522;0,405815;0,712467;7,927539
2022 mai;1,005702;3,182746;2,067648;0,660628;6,916724;0,662211;0,0797;0,009921;0,079459;0,143726;0,429947;0,742753;8,321688
2022 juin;0,986358;3,087499;2,012189;0,644387;6,730432;0,686595;0,08867;0,009574;0,082611;0,115215;0,429508;0,725578;8,142605
2022 juillet;1,000107;3,223854;2,085252;0,685842;6,995055;0,719417;0,083824;0,00997;0,082584;0,100569;0,436315;0,713262;8,427734
2022 août;1,086547;3,240385;2,111846;0,67166;7,110438;0,719835;0,072106;0,010013;0,077169;0,084339;0,428868;0,672494;8,502767
2022 septembre;1,044426;3,181192;2,101691;0,660024;6,987334;0,665884;0,058093;0,009755;0,070105;0,093254;0,401522;0,632729;8,285947
2022 octobre;1,039543;3,283712;2,180974;0,68354;7,187769;0,615861;0,049022;0,009824;0,06319;0,111725;0,425435;0,659196;8,462826
2022 novembre;0,988422;3,177523;2,110359;0,65844;6,934743;0,648207;0,061068;0,009985;0,046708;0,14057;0,427493;0,685824;8,268774
2022 décembre;0,926122;3,219363;2,138773;0,62067;6,904929;0,721896;0,069706;0,01045;0,039623;0,131975;0,42863;0,680383;8,307207
2023 janvier;1,032513;3,27268;2,216559;0,648148;7,1699;0,740451;0,076043;0,010709;0,044467;0,13379;0,436923;0,701932;8,612283
2023 février;0,926621;2,958379;1,996312;0,596572;6,477883;0,63531;0,063737;0,009313;0,050557;0,143932;0,39261;0,660148;7,773342
2023 mars;1,052739;3,304004;2,25213;0,688184;7,297057;0,656348;0,068913;0,010102;0,06737;0,152107;0,436311;0,734803;8,688208
2023 avril;0,951111;3,190224;2,158975;0,683363;6,983673;0,592009;0,059638;0,009815;0,079453;0,146963;0,40421;0,700079;8,275761
2023 mai;0,976253;3,326067;2,238693;0,706383;7,247397;0,642269;0,093641;0,01007;0,090162;0,10941;0,437635;0,740919;8,630584
2023 juin;0,954521;3,209016;2,200699;0,699789;7,064024;0,678755;0,066422;0,009562;0,092112;0,093984;0,429897;0,691977;8,434756
2023 juillet;0,944643;3,320284;2,279512;0,71411;7,25855;0,730186;0,07233;0,00984;0,097697;0,095206;0,43715;0,712223;8,700959
2023 août;1,025028;3,356621;2,299917;0,725511;7,407077;0,728686;0,07206;0,009967;0,093142;0,097397;0,439568;0,712135;8,847897
2023 septembre;0,981328;3,247456;2,26079;0,7241;7,213674;0,684968;0,056193;0,009828;0,081571;0,096321;0,424629;0,668542;8,567184
2023 octobre;0,993576;3,351271;2,331243;0,750108;7,426197;0,641535;0,061676;0,010219;0,074166;0,124484;0,429998;0,700541;8,768273
2023 novembre;0,992711;3,291621;2,273175;0,725265;7,282772;0,650468;0,061757;0,010029;0,056244;0,126388;0,43007;0,684488;8,617728
2023 décembre;0,925426;3,418839;2,348195;0,727656;7,420116;0,719844;0,065974;0,010214;0,0506;0,13092;0,45629;0,713999;8,853959